# VoxelCore non-overlap unwrap
mtllib propmaker.mtl

# atlas unwrap, vt flipV=false

o propmaker

v -14.999355 2.166674 -19.999933
v -14.999355 2.166674 -19.067518
v -13.681286 2.166674 -19.067518
v -13.681227 3.580757 -19.067455
v -13.681103 5.499819 -17.148348
v -14.999294 3.580757 -19.067455
v -14.999142 5.499819 -17.148348
v -14.999416 0.50014 -19.999994
v -13.681101 0.50014 -11.075136
v -13.681377 0.50014 -19.067579
v -13.681379 1.6443 -19.067579
v -14.999138 0.500139 -10.000113
v -13.681164 2.166674 -15.000023
v -13.681011 5.499819 -14.9999
v -13.681225 1.644299 -13.977863
v -5.439005 0.500145 -19.067581
v -5.438944 1.644304 -19.067581
v -4.779909 2.166602 -19.999935
v -4.77994 0.500068 -19.999996
v -5.438883 2.166679 -19.067518
v -5.43882 1.644304 -13.977865
v -5.438728 2.166678 -14.999963
v -13.681225 3.396521 -13.977863
v -13.681103 4.616102 -11.075136
v -14.998926 5.499818 -9.999929
v -5.438576 5.499747 -14.99984
v -5.43882 3.396525 -13.977865
v -5.438698 4.616106 -11.075076
v -5.438696 0.500067 -11.075076
v -4.779417 5.499747 -9.99993
v -4.779631 0.500068 -10.000115
v -4.120813 2.166679 -19.067518
v -5.438822 3.580685 -19.067518
v -4.120905 0.500068 -19.067581
v -4.120626 0.500068 -11.075077
v -4.120905 1.644305 -19.067581
v -4.120781 1.644304 -13.977865
v -4.120783 3.580686 -19.067518
v -4.12063 5.499747 -17.14835
v -5.438669 5.499747 -17.14835
v -4.120537 5.499747 -14.999841
v -4.120689 2.166602 -15.000025
v 4.121591 2.166607 -19.06752
v 4.121866 5.499675 -14.999842
v -4.12072 3.396526 -13.977865
v -4.120628 4.61603 -11.075076
v 4.121778 0.500072 -11.075078
v -14.685082 5.499825 -4.999905
v -14.455805 5.499825 -6.447549
v -14.455805 4.890519 -6.447549
v -13.790379 4.890442 -7.753632
v -13.790378 5.499825 -7.753632
v -14.999977 2.99992 -9.999666
v -14.999976 0.499935 -9.99965
v -14.999977 0.500059 -5.000002
v -15.0001 3.000076 -4.999957
v -14.999977 3.000059 -5.000002
v -15.0001 5.500076 -4.999957
v -14.999977 5.49992 -9.999666
v -12.753988 4.890441 -8.789991
v -14.685082 4.890519 -4.999905
v -12.753988 5.499778 -8.789991
v -11.448029 4.89044 -9.455388
v -10.000229 4.890517 -4.999905
v -11.448029 5.499778 -9.455388
v -14.168255 6.682694 -6.354117
v -13.545794 6.682694 -7.575865
v -14.718675 6.682418 -9.718534
v -14.999986 5.49961 -9.999876
v -12.576251 6.682693 -8.545408
v -10.000261 5.499777 -9.684728
v -11.354473 6.682693 -9.1679
v -10.000259 6.682692 -9.382302
v -13.545794 7.564198 -7.575865
v -12.576251 7.564198 -8.545408
v -11.354503 7.564198 -9.167777
v -12.522281 8.81373 -6.832281
v -11.832604 8.813729 -7.521896
v -10.963655 8.813729 -7.964654
v -14.382779 7.564199 -4.999905
v -14.168254 7.564199 -6.354117
v -13.117603 8.81373 -4.999905
v -14.382779 6.682618 -4.999905
v -12.96513 8.81373 -5.963178
v -14.718674 6.682834 -0.281398
v -14.999986 6.401015 -9.999937
v -10.000258 8.813728 -4.999905
v -8.552647 5.499776 -9.455389
v -5.000628 5.500143 -9.999878
v -8.552647 4.890439 -9.455389
v -10.000261 4.89044 -9.684727
v -7.246625 5.499852 -8.789992
v -7.246625 4.890469 -8.789992
v -2.399733 3.000047 -5.994869
v -2.399732 2.999953 -9.004812
v -2.399733 5.500047 -5.994869
v -2.399732 5.499953 -9.004812
v -5.544808 4.890514 -6.447551
v -5.315531 4.890514 -4.999906
v -6.210143 4.890469 -7.753633
v -5.282122 6.682859 -9.718536
v -5.000628 6.401548 -9.999939
v -8.646048 7.564196 -9.167778
v -10.00029 7.564197 -9.382302
v -10.00029 8.813728 -8.117281
v -8.646048 6.682692 -9.1679
v -9.037016 8.813728 -7.964654
v -7.42436 7.564196 -8.545409
v -7.424361 6.682691 -8.545409
v -8.168005 8.813727 -7.521897
v -7.478329 8.813727 -6.832282
v -7.035479 8.813727 -5.963179
v -6.883006 8.813727 -4.999906
v -14.455805 4.890519 -3.55226
v -13.790346 4.890519 -2.2463
v -13.790377 5.499902 -2.2463
v -14.455805 5.499902 -3.55226
v -11.447966 4.890518 -0.544422
v -12.753987 4.890518 -1.20988
v -14.999985 5.500072 0.000005
v -12.753987 5.499979 -1.20988
v -11.447966 5.499978 -0.544422
v -10.000229 5.499977 -0.315083
v -15.000049 5.499758 4.999908
v -15.000293 5.499743 -5
v -15.000049 0.500032 -4.999817
v -15.000015 6.401462 0.000005
v -12.96513 8.81373 -4.036632
v -14.168254 7.564199 -3.645631
v -14.168254 6.682618 -3.64563
v -13.545762 6.682618 -2.423944
v -13.545762 7.564199 -2.423944
v -12.52228 8.81373 -3.167529
v -11.832603 8.81373 -2.477914
v -12.57625 6.682617 -1.454401
v -12.57625 7.564198 -1.454401
v -14.999912 5.499985 -0.000427
v -14.999821 6.291637 -0.000181
v -13.291182 8.000063 0.000188
v -11.354471 6.682693 -0.83191
v -10.000228 6.682693 -0.617508
v -11.354471 7.564198 -0.83191
v -10.963654 8.813729 -2.035156
v -8.552584 4.890516 -0.544422
v -10.000229 4.890517 -0.315083
v -5.544807 4.890514 -3.552261
v -6.210142 4.890515 -2.246301
v -7.246624 4.890515 -1.209881
v -10.000227 8.813728 -1.88253
v -9.036985 8.813728 -2.035157
v -8.168005 8.813728 -2.477914
v -7.478328 8.813727 -3.16753
v -7.035479 8.813727 -4.036633
v -7.424359 7.564196 -1.454402
v -5.000626 6.401333 0.000004
v -5.281967 6.682613 -0.281399
v -8.552584 5.499977 -0.544422
v -5.000626 5.499852 0.000004
v -5 5.500067 0.000002
v -10.000227 7.564197 -0.617508
v -8.645985 7.564197 -0.831911
v -8.645985 6.682692 -0.831911
v -7.42436 6.682692 -1.454402
v -7.246624 5.499976 -1.209881
v 14.999481 2.999894 -9.999631
v 14.999236 0.499878 -9.999646
v 14.999481 5.499894 -9.999631
v 14.999236 2.999878 -9.999646
v 14.999481 3.000079 -4.999951
v 14.999481 0.500079 -4.999951
v 14.004367 3.000049 -5.994774
v 14.999173 3.000096 -4.99986
v -2.399733 2.24612 -5.994853
v -2.399732 2.246011 -9.004782
v -6.210143 5.499852 -7.753633
v -6.45488 6.682691 -7.575867
v -5.832388 6.68269 -6.354118
v -5.544807 5.499897 -6.447551
v -6.454879 7.564195 -7.575867
v -4.999986 5.49961 -9.999876
v -2.753988 5.499778 -8.789991
v -3.790378 5.499825 -7.753632
v -4.38278 6.682618 -4.999905
v -4.168255 6.682694 -6.354117
v -4.718675 6.682418 -9.718534
v -3.545794 6.682694 -7.575865
v -4.455805 5.499825 -6.447549
v -5.31553 5.499897 -4.999906
v -4.685082 5.499825 -4.999905
v -5.617831 6.68269 -4.999906
v -5.617831 7.564195 -4.999906
v -5.832387 7.564195 -6.354119
v -4.455805 4.890519 -6.447549
v -4.685082 4.890519 -4.999905
v -4.718673 6.682834 -0.281398
v -4.999986 6.401015 -9.999937
v -3.790378 4.890442 -7.753632
v -4.382779 7.564199 -4.999905
v -4.168254 7.564199 -6.354117
v -3.545794 7.564198 -7.575865
v -3.117603 8.81373 -4.999905
v -0.000261 5.499777 -9.684728
v -1.448029 5.499778 -9.455388
v -2.753989 4.890441 -8.789991
v -2.576251 6.682693 -8.545408
v -1.448029 4.89044 -9.455388
v -1.354473 6.682693 -9.1679
v -0.00026 6.682692 -9.382302
v -1.354503 7.564198 -9.167777
v -2.576251 7.564198 -8.545408
v -1.832604 8.813729 -7.521896
v -0.000261 4.89044 -9.684727
v 4.999372 6.401548 -9.999939
v 4.717878 6.682859 -9.718536
v 4.999372 5.500143 -9.999878
v -0.00029 7.564197 -9.382302
v -0.963655 8.813729 -7.964654
v -0.000289 8.813728 -8.117281
v -2.399733 4.74612 -5.994853
v -2.399732 4.746011 -9.004782
v -0.000229 4.890517 -4.999905
v 14.004367 5.500049 -5.994774
v 14.999173 5.500096 -4.99986
v -2.522281 8.81373 -6.832281
v -0.000258 8.813728 -4.999905
v -2.96513 8.81373 -5.963178
v -5.544807 5.499975 -3.552261
v -6.210142 5.499975 -2.246301
v -4.455805 4.890519 -3.55226
v -4.455804 5.499902 -3.55226
v -3.790347 4.890519 -2.2463
v -3.790377 5.499902 -2.2463
v -1.447966 4.890518 -0.544422
v -2.753987 4.890518 -1.20988
v 14.999036 5.499834 -5.000061
v 14.999402 0.500078 -4.999878
v -0.000229 4.890517 -0.315083
v -0.000228 5.499977 -0.315083
v -1.447966 5.499978 -0.544422
v -2.753987 5.499979 -1.20988
v -6.454878 7.564195 -2.423945
v -5.832387 7.564195 -3.645632
v -6.454879 6.682691 -2.423945
v -5.832387 6.682691 -3.645632
v -5.000015 6.401462 0.000005
v -2.96513 8.81373 -4.036632
v -4.168254 7.564199 -3.645631
v -4.168254 6.682618 -3.64563
v -3.545763 6.682618 -2.423944
v -3.545762 7.564199 -2.423944
v -2.57625 6.682617 -1.454401
v -2.52228 8.81373 -3.167529
v -1.832603 8.81373 -2.477914
v -0.963654 8.813729 -2.035156
v -0.000227 8.813729 -1.88253
v -1.354471 6.682693 -0.83191
v -0.000228 6.682693 -0.617508
v -2.57625 7.564198 -1.454401
v -1.354471 7.564198 -0.83191
v 4.999374 5.499852 0.000004
v 4.999374 6.401333 0.000004
v 4.718033 6.682613 -0.281399
v 14.999402 5.499849 4.999878
v -4.999983 5.500062 -0.00075
v -4.999985 8.000063 -0.000013
v 4.999866 8.000084 -0.000011
v -0.000227 7.564197 -0.617508
v 4.780595 2.166607 -19.999937
v 4.780534 0.500073 -19.999998
v 4.1215 0.500073 -19.067581
v 4.121499 1.644232 -19.067581
v 4.121684 1.644232 -13.977867
v 4.121745 2.166607 -14.999966
v 5.4396 0.500073 -19.067583
v 5.43966 2.166607 -19.06752
v 4.121652 3.58069 -19.067459
v 5.439691 3.58069 -19.067459
v 5.439815 2.166607 -14.999966
v 5.439843 5.499676 -17.14835
v 5.439936 5.499676 -14.999842
v 4.121804 5.499675 -17.14835
v 4.121714 3.396453 -13.977867
v 4.121806 4.616034 -11.075078
v 4.781055 5.499675 -9.999932
v 4.780843 0.500072 -10.000117
v 5.439847 0.500073 -11.075078
v 5.439692 1.644233 -13.977867
v 5.439753 3.396454 -13.977867
v 5.439844 4.616035 -11.075078
v 5.439599 1.644233 -19.067583
v 15.000011 0.500063 -20
v 13.681973 0.500062 -19.067583
v 15.000103 2.166597 -19.999937
v 13.681973 1.644237 -19.067583
v 13.682064 2.166596 -19.067522
v 13.682219 2.166596 -14.999967
v 13.682127 1.644237 -13.977868
v 15.000103 2.166597 -19.067522
v 13.682125 3.580695 -19.067461
v 15.000163 3.580695 -19.067461
v 13.682247 5.49968 -17.148352
v 13.68234 5.49968 -14.999844
v 15.000317 5.499665 -17.148352
v 13.682157 3.396458 -13.977868
v 13.682249 4.615962 -11.075079
v 13.682251 0.500062 -11.07508
v 15.00032 0.500062 -10.000118
v 15.000594 5.499665 -9.999934
v 2.753375 5.499852 -8.789992
v 1.447353 5.499776 -9.455389
v 2.753375 4.890469 -8.789992
v 3.789857 4.890469 -7.753633
v 3.789857 5.499852 -7.753633
v 1.447353 4.890439 -9.455389
v 4.455192 4.890514 -6.447551
v 4.684469 4.890514 -4.999906
v 1.353953 7.564196 -9.167778
v 1.353952 6.682692 -9.1679
v 0.962984 8.813728 -7.964654
v 3.545121 7.564195 -7.575867
v 2.57564 7.564196 -8.545409
v 1.831995 8.813727 -7.521897
v 2.575639 6.682691 -8.545409
v 3.54512 6.682691 -7.575867
v 4.167613 7.564195 -6.354119
v 2.521671 8.813727 -6.832282
v 2.964521 8.813727 -5.963179
v 3.116994 8.813727 -4.999906
v 14.004429 2.246029 -9.004702
v 14.004429 2.999956 -9.004718
v 14.004429 4.746029 -9.004702
v 14.004429 5.499956 -9.004718
v 6.209622 5.499825 -7.753632
v 7.246012 5.499778 -8.789991
v 7.246012 4.890441 -8.789991
v 6.209622 4.890442 -7.753632
v 14.004368 2.246107 -5.994728
v 14.004368 4.746107 -5.994728
v 4.455193 5.499897 -6.447551
v 5.544195 5.499825 -6.447549
v 5.544195 4.890519 -6.447549
v 4.68447 5.499897 -4.999906
v 5.314918 5.499825 -4.999905
v 5.314918 4.890519 -4.999905
v 4.167612 6.68269 -6.354118
v 5.000014 5.49961 -9.999876
v 4.382169 6.68269 -4.999906
v 8.551971 5.499778 -9.455388
v 5.61722 6.682618 -4.999905
v 5.831745 6.682694 -6.354117
v 5.281325 6.682418 -9.718534
v 6.454206 6.682694 -7.575865
v 7.423749 6.682693 -8.545408
v 8.645527 6.682693 -9.1679
v 6.454206 7.564198 -7.575865
v 7.423749 7.564198 -8.545408
v 7.477719 8.81373 -6.832281
v 5.281327 6.682834 -0.281398
v 5.000014 6.401015 -9.999937
v 4.382169 7.564195 -4.999906
v 5.831746 7.564199 -6.354117
v 5.617221 7.564199 -4.999905
v 7.03487 8.81373 -5.963178
v 6.882397 8.81373 -4.999905
v 3.789858 4.890515 -2.246301
v 2.753376 4.890515 -1.209881
v 4.455193 4.890514 -3.552261
v 1.447416 4.890516 -0.544422
v 2.964521 8.813727 -4.036633
v 2.521672 8.813727 -3.16753
v 3.545122 7.564195 -2.423945
v 4.167613 7.564195 -3.645632
v 0.963015 8.813728 -2.035157
v 1.831995 8.813728 -2.477914
v 2.575641 7.564196 -1.454402
v 1.354016 7.564197 -0.831911
v 5.000512 5.500067 0.00005
v 1.354015 6.682692 -0.831911
v 1.447416 5.499977 -0.544422
v 3.789858 5.499975 -2.246301
v 2.753376 5.499976 -1.209881
v 3.545121 6.682691 -2.423945
v 2.57564 6.682692 -1.454402
v 5.544195 4.890519 -3.55226
v 5.544196 5.499902 -3.55226
v 5.000015 5.500072 0.000005
v 4.455193 5.499975 -3.552261
v 4.999985 6.401462 0.000005
v 6.209623 5.499902 -2.2463
v 6.209653 4.890519 -2.2463
v 4.167613 6.682691 -3.645632
v 5.831746 7.564199 -3.645631
v 6.454238 7.564199 -2.423944
v 7.47772 8.81373 -3.167529
v 7.03487 8.81373 -4.036632
v 5.831746 6.682618 -3.64563
v 6.454237 6.682618 -2.423944
v 7.42375 6.682617 -1.454401
v 7.246013 5.499979 -1.20988
v 7.246013 4.890518 -1.20988
v 8.645529 6.682693 -0.83191
v 8.552034 5.499978 -0.544422
v 7.42375 7.564198 -1.454401
v 8.167397 8.81373 -2.477914
v 9.999739 5.499777 -9.684728
v 14.999372 5.500143 -9.999878
v 11.447353 5.499776 -9.455389
v 11.447353 4.890439 -9.455389
v 9.999739 4.89044 -9.684727
v 8.551971 4.89044 -9.455388
v 9.999771 4.890517 -4.999905
v 9.999741 6.682692 -9.382302
v 8.645497 7.564198 -9.167777
v 8.167396 8.813729 -7.521896
v 9.036345 8.813729 -7.964654
v 14.999372 6.401548 -9.999939
v 14.717878 6.682859 -9.718536
v 9.99971 7.564197 -9.382302
v 9.99971 8.813728 -8.117281
v 11.353952 6.682692 -9.1679
v 11.353952 7.564196 -9.167778
v 10.962984 8.813728 -7.964654
v 9.999742 8.813728 -4.999905
v 11.831995 8.813727 -7.521897
v 12.753374 4.890469 -8.789992
v 13.789857 4.890469 -7.753633
v 14.455192 4.890514 -6.447551
v 12.753374 5.499852 -8.789992
v 14.684469 4.890514 -4.999906
v 14.455193 5.499897 -6.447551
v 14.68447 5.499897 -4.999906
v 13.789857 5.499852 -7.753633
v 13.54512 6.682691 -7.575867
v 14.167612 6.68269 -6.354118
v 12.57564 6.682691 -8.545409
v 13.545121 7.564195 -7.575867
v 12.57564 7.564196 -8.545409
v 12.521671 8.813727 -6.832282
v 12.964521 8.813727 -5.963179
v 13.116994 8.813727 -4.999906
v 14.382169 6.68269 -4.999906
v 14.167613 7.564195 -6.354119
v 14.382169 7.564195 -4.999906
v 11.447416 4.890516 -0.544422
v 9.999771 4.890517 -0.315083
v 8.552034 4.890518 -0.544422
v 9.036346 8.813729 -2.035156
v 9.999773 8.813729 -1.88253
v 10.963015 8.813728 -2.035157
v 11.831995 8.813728 -2.477914
v 9.999772 6.682693 -0.617508
v 8.645529 7.564198 -0.83191
v 9.999771 5.499977 -0.315083
v 14.718033 6.682613 -0.281399
v 11.447416 5.499977 -0.544422
v 14.999374 5.499852 0.000004
v 14.999374 6.401333 0.000004
v 11.354015 7.564197 -0.831911
v 9.999773 7.564197 -0.617508
v 11.354015 6.682692 -0.831911
v 12.753376 4.890515 -1.209881
v 13.789858 4.890515 -2.246301
v 14.455193 4.890514 -3.552261
v 14.455193 5.499975 -3.552261
v 13.789858 5.499975 -2.246301
v 14.167613 6.682691 -3.645632
v 12.964521 8.813727 -4.036633
v 12.521671 8.813727 -3.16753
v 14.167613 7.564195 -3.645632
v 13.545121 6.682691 -2.423945
v 13.545122 7.564195 -2.423945
v 12.753376 5.499976 -1.209881
v 12.57564 6.682692 -1.454402
v 12.575641 7.564196 -1.454402
v -14.999665 5.4998 4.999422
v -14.999481 6.291422 4.999606
v -13.290719 7.999802 5.000036
v -15.000049 0.500063 5.000031
v -4.999633 8.000098 -0.000121
v -9.999634 7.999865 3.884136
v -9.999697 8.00005 1.115841
v -4.999171 7.999714 4.999789
v -9.99988 6.749826 3.884136
v -9.999941 6.750072 1.115902
v -4.999723 5.499698 4.999789
v -15.00003 2.99997 5.000334
v -15.000029 5.499955 5.000334
v -11.750742 5.499939 5.000335
v -14.999977 2.99992 5.000333
v -14.999976 0.499935 5.00035
v -14.999977 0.500059 9.999998
v -15.0001 3.000076 10.000044
v -15.00003 5.500139 9.999998
v -15 3.000062 9.999998
v -10.385313 3.00003 6.402862
v -10.385313 3.000045 8.597348
v -12.518545 5.499955 5.326671
v -14.057809 7.081647 6.381839
v -13.636872 7.081647 5.960841
v -13.796107 5.499955 5.741706
v -14.276883 5.49997 6.222697
v -13.190089 5.499955 5.433011
v -13.10643 7.081647 5.690564
v -14.585578 5.500032 6.828592
v -12.518454 7.081646 7.50032
v -14.692164 5.500032 7.500319
v -14.328024 7.081647 6.912251
v -14.421242 7.081647 7.50032
v -11.236835 5.499954 5.745948
v -11.846879 5.499954 5.433012
v -11.930475 7.081646 5.690565
v -11.39991 7.081646 5.960842
v -12.518453 7.081647 5.59744
v -10.838058 5.5 6.144509
v -10.979097 7.081646 6.38184
v -10.708697 7.081646 6.912251
v -10.615664 7.081646 7.50032
v -14.328025 7.081647 8.088266
v -13.636873 7.081647 9.039676
v -14.057809 7.081647 8.618678
v -14.585578 5.500047 8.171864
v -14.276853 5.500047 8.777759
v -13.796107 5.500062 9.258565
v -13.190089 5.500124 9.567444
v -13.10643 7.081646 9.309892
v -12.518546 5.500123 9.673785
v -11.750835 5.500123 10.000121
v -12.518454 7.081646 9.403078
v -10.708697 7.081646 8.088266
v -11.399911 7.081646 9.039676
v -11.930476 7.081646 9.309892
v -10.979097 7.081646 8.618678
v -11.84688 5.500123 9.567445
v -11.240831 5.500092 9.258565
v -0.000299 5.499981 5.000337
v -2.399733 3.000047 9.005132
v -2.399732 2.999953 5.995188
v -11.078523 6.505394 6.14451
v -10.614958 6.505471 6.881763
v -10.899281 6.505394 6.323752
v -9.932136 3.855932 6.402862
v -9.932137 3.855947 8.597349
v -10.614958 6.505548 8.118693
v -10.517008 6.505486 7.50032
v -10.899281 6.505594 8.676643
v -10.838243 5.500046 8.856009
v -11.078708 6.505579 8.856009
v 14.999036 0.500109 5.000061
v -4.99951 8.000021 1.115717
v -4.999724 6.750013 1.115717
v -4.999509 6.749798 3.884012
v -4.999923 5.499786 4.999221
v -4.999986 7.999864 4.999651
v -4.999294 7.999806 3.883951
v 4.999588 7.9997 4.999652
v -0.000013 5.499757 3.883814
v -0.000012 5.499942 1.11558
v -0.000289 6.749965 1.11558
v -0.000382 6.749704 3.883753
v 5.00002 5.499683 4.999776
v 9.931351 3.85588 6.402926
v 10.38468 2.999992 6.402926
v 14.999481 2.999894 5.000369
v 14.999236 0.499878 5.000354
v 14.999367 2.99996 5.000339
v 10.38468 3.000069 8.597413
v 14.999173 3.000096 10.00014
v 14.004367 3.000049 9.005226
v 14.999428 3.000144 10.000126
v -2.399733 2.24612 9.005147
v -2.399732 2.246011 5.995219
v 14.999481 0.500079 10.000049
v 1.662024 6.505421 6.144512
v 1.661869 6.505605 8.85601
v 2.346075 5.500011 6.144512
v -0.000362 5.500165 10.000123
v 2.346075 5.500103 8.85601
v 9.931351 3.855941 8.597413
v 14.99943 5.499946 5.000401
v -14.998926 0.500312 9.999929
v -13.681011 0.500311 14.9999
v -13.681103 0.500311 17.148348
v -14.999142 0.500312 17.148348
v -14.999355 3.833457 19.067518
v -14.999138 5.499991 10.000113
v -14.999294 2.419374 19.067455
v -13.681225 2.60361 13.977863
v -13.681103 1.384029 11.075136
v -13.681101 5.499991 11.075136
v -13.681225 4.355831 13.977863
v -13.681377 5.49999 19.067579
v -5.438698 1.384025 11.075076
v -5.438696 5.500063 11.075076
v -4.779631 5.500063 10.000115
v -4.779417 0.500384 9.99993
v -5.438576 0.500384 14.99984
v -5.43882 2.603606 13.977865
v -5.438728 3.833452 14.999963
v -13.681164 3.833457 15.000023
v -5.43882 4.355827 13.977865
v -13.681286 3.833456 19.067518
v -14.999416 5.499991 19.999994
v -13.681379 4.355831 19.067579
v -14.999355 3.833457 19.999933
v -13.681227 2.419373 19.067455
v -5.438944 4.355827 19.067581
v -5.438883 3.833452 19.067518
v -5.439005 5.499986 19.067581
v -4.779909 3.833529 19.999935
v -4.77994 5.500062 19.999996
v -4.120537 0.500383 14.999841
v -4.12072 2.603605 13.977865
v -4.120628 1.384101 11.075076
v -4.120626 5.500063 11.075077
v -4.120781 4.355826 13.977865
v 4.121778 5.500059 11.075078
v 4.121866 0.500456 14.999842
v -4.120813 3.833451 19.067518
v -4.120783 2.419445 19.067518
v -4.12063 0.500383 17.14835
v -4.120689 3.833528 15.000025
v -5.438669 0.500384 17.14835
v -5.438822 2.419446 19.067518
v -4.120905 5.500062 19.067581
v -4.120905 4.355826 19.067581
v 4.121591 3.833524 19.06752
v 5.000204 5.499775 3.884061
v 5.000142 6.749968 1.115642
v 4.999866 6.749784 3.884061
v 5.000359 5.499975 1.115642
v 9.99988 6.749826 1.115864
v 9.999634 7.999865 1.115864
v 4.999294 7.999806 1.116049
v 4.999509 6.749798 1.115988
v 9.999941 6.750072 3.884098
v 4.999171 7.999714 0.000211
v 4.999723 5.499698 0.000211
v 5 5.500067 4.999998
v 4.999724 6.750013 3.884283
v 4.999633 8.000098 5.000121
v 4.99951 8.000022 3.884283
v 9.999697 8.00005 3.884159
v 2.351362 5.816128 6.144512
v 2.351301 5.816313 8.85601
v 5.889673 5.499995 6.144635
v 14.004429 2.999956 5.995283
v 14.004429 2.246029 5.995298
v 14.004368 2.246107 9.005273
v 5.889643 5.500087 8.856133
v 14.999336 5.50013 10.000126
v 6.578766 6.505404 8.856134
v 6.578951 6.505573 6.144574
v 5.889673 5.816281 6.144635
v 5.889551 5.816081 8.856134
v 13.290719 7.999802 -0.000036
v 14.999665 5.4998 0.000578
v 14.999912 5.499985 5.000427
v 13.291182 8.000063 4.999812
v 14.999821 6.291637 5.000181
v 14.999481 6.291422 0.000394
v 14.026136 5.499977 6.144636
v 14.026075 6.505586 6.144637
v 14.026075 6.505371 8.856135
v 14.026136 5.500069 8.856135
v 4.780843 5.500058 10.000117
v 4.781055 0.500456 9.999932
v 4.121806 1.384097 11.075078
v 4.121684 4.355899 13.977867
v 4.121714 2.603678 13.977867
v 4.121745 3.833524 14.999966
v 5.439936 0.500455 14.999842
v 5.439753 2.603677 13.977867
v 5.439844 1.384096 11.075078
v 5.439847 5.500058 11.075078
v 5.439692 4.355898 13.977867
v 4.121499 4.355899 19.067581
v 4.780534 5.500058 19.999998
v 4.780595 3.833523 19.999937
v 4.1215 5.500058 19.067581
v 5.439691 2.41944 19.067459
v 4.121652 2.419441 19.067459
v 4.121804 0.500456 17.14835
v 5.439843 0.500455 17.14835
v 5.43966 3.833523 19.06752
v 5.439815 3.833523 14.999966
v 5.4396 5.500057 19.067583
v 5.439599 4.355898 19.067583
v 15.000594 0.500466 9.999934
v 13.68234 0.500451 14.999844
v 15.00032 5.500068 10.000118
v 13.682251 5.500069 11.07508
v 13.682249 1.384169 11.075079
v 13.682127 4.355894 13.977868
v 13.682157 2.603673 13.977868
v 13.682219 3.833534 14.999967
v 13.681973 5.500068 19.067583
v 15.000317 0.500465 17.148352
v 15.000103 3.833534 19.067522
v 13.682064 3.833534 19.067522
v 13.681973 4.355894 19.067583
v 15.000011 5.500068 20
v 15.000103 3.833534 19.999937
v 13.682247 0.500451 17.148352
v 15.000163 2.419435 19.067461
v 13.682125 2.419436 19.067461

vt 0.339844 0.501953
vt 0.339844 0.509784
vt 0.328946 0.509784
vt 0.106445 0.320801
vt 0.106446 0.308993
vt 0.122341 0.292969
vt 0.312501 0.212891
vt 0.323242 0.212891
vt 0.323241 0.235352
vt 0.3125 0.235352
vt 0.699708 0.146973
vt 0.710938 0.146973
vt 0.710937 0.15918
vt 0.384115 0.893554
vt 0.370117 0.893555
vt 0.384115 0.885815
vt 0.699707 0.15918
vt 0.853027 0.794922
vt 0.853027 0.728516
vt 0.862665 0.728516
vt 0.35449 0.810547
vt 0.354492 0.893555
vt 0.343594 0.885815
vt 0.140136 0.320801
vt 0.140137 0.292969
vt 0.370117 0.810548
vt 0.862665 0.770804
vt 0.238281 0.119141
vt 0.306641 0.119141
vt 0.30664 0.128906
vt 0.255345 0.159179
vt 0.255345 0.14502
vt 0.339844 0.145021
vt 0.339843 0.15918
vt 0.269994 0.893555
vt 0.275443 0.885815
vt 0.260794 0.509784
vt 0.255345 0.501953
vt 0.238281 0.128906
vt 0.603514 0.576172
vt 0.603516 0.618652
vt 0.535157 0.618652
vt 0.535156 0.576172
vt 0.328944 0.543945
vt 0.260793 0.543945
vt 0.877423 0.770804
vt 0.887695 0.794922
vt 0.343592 0.81947
vt 0.412109 0.810547
vt 0.747891 0.641602
vt 0.758789 0.641602
vt 0.758787 0.700683
vt 0.412109 0.869884
vt 0.395991 0.885814
vt 0.74789 0.659359
vt 0.642578 0.371094
vt 0.642579 0.343262
vt 0.710938 0.343262
vt 0.007813 0.250977
vt 0.076171 0.250977
vt 0.076172 0.277344
vt 0.007813 0.277344
vt 0.710936 0.371094
vt 0.864746 0.196289
vt 0.796387 0.196289
vt 0.796387 0.181641
vt 0.864746 0.181641
vt 0.24414 0.371094
vt 0.175781 0.371094
vt 0.175781 0.336426
vt 0.244141 0.336426
vt 0.674289 0.700684
vt 0.679739 0.659359
vt 0.275441 0.81947
vt 0.269992 0.810547
vt 0.804687 0.027832
vt 0.804688 0.032715
vt 0.795373 0.032715
vt 0.795373 0.027832
vt 0.249896 0.509784
vt 0.672852 0.146973
vt 0.684082 0.146973
vt 0.684081 0.15918
vt 0.264545 0.885815
vt 0.143066 0.634277
vt 0.143066 0.700684
vt 0.133429 0.700684
vt 0.133429 0.658395
vt 0.672852 0.15918
vt 0.264543 0.81947
vt 0.912958 0.752634
vt 0.912958 0.794922
vt 0.90332 0.794922
vt 0.90332 0.728516
vt 0.668842 0.641602
vt 0.67974 0.641602
vt 0.09082 0.308993
vt 0.09082 0.320801
vt 0.057129 0.292969
vt 0.074924 0.292969
vt 0.668841 0.659359
vt 0.023709 0.292969
vt 0.041504 0.292969
vt 0.041503 0.320801
vt 0.007813 0.320801
vt 0.296874 0.235352
vt 0.286133 0.235352
vt 0.286134 0.212891
vt 0.296875 0.212891
vt 0.007813 0.308993
vt 0.05713 0.320801
vt 0.181745 0.509784
vt 0.60069 0.659359
vt 0.937988 0.728516
vt 0.118671 0.658395
vt 0.108398 0.634277
vt 0.927716 0.752634
vt 0.196392 0.81947
vt 0.570117 0.032714
vt 0.558008 0.032714
vt 0.558008 0.027344
vt 0.545898 0.027344
vt 0.545898 0.032714
vt 0.910158 0.444336
vt 0.931641 0.444336
vt 0.931639 0.486328
vt 0.910156 0.486328
vt 0.330077 0.486328
vt 0.308594 0.486328
vt 0.308595 0.444336
vt 0.533789 0.027344
vt 0.570117 0.027344
vt 0.533789 0.032713
vt 0.330078 0.444336
vt 0.521679 0.027344
vt 0.798584 0.756104
vt 0.835485 0.768153
vt 0.829956 0.778966
vt 0.821355 0.787542
vt 0.521679 0.032713
vt 0.810526 0.793039
vt 0.837402 0.75616
vt 0.529591 0.790337
vt 0.539768 0.785151
vt 0.557617 0.794922
vt 0.09082 0.893555
vt 0.086303 0.864067
vt 0.088206 0.852051
vt 0.080779 0.874908
vt 0.072175 0.883511
vt 0.547844 0.777074
vt 0.061334 0.889035
vt 0.049317 0.890938
vt 0.55303 0.766897
vt 0.554816 0.755615
vt 0.1781 0.070801
vt 0.189453 0.070802
vt 0.189453 0.078125
vt 0.1781 0.078125
vt 0.166748 0.078124
vt 0.166748 0.070801
vt 0.404016 0.770188
vt 0.4095 0.775672
vt 0.400969 0.787415
vt 0.411926 0.792998
vt 0.416412 0.779194
vt 0.392273 0.77872
vt 0.212158 0.078125
vt 0.200806 0.078125
vt 0.200806 0.070802
vt 0.386689 0.767762
vt 0.384766 0.755615
vt 0.399281 0.755615
vt 0.518311 0.792124
vt 0.400494 0.763277
vt 0.267961 0.027344
vt 0.346297 0.027344
vt 0.348633 0.032714
vt 0.212158 0.070801
vt 0.416916 0.61371
vt 0.411192 0.607983
vt 0.432129 0.592774
vt 0.407516 0.600769
vt 0.40625 0.592772
vt 0.037299 0.889035
vt 0.007813 0.893555
vt 0.50957 0.032713
vt 0.497461 0.032713
vt 0.497461 0.027344
vt 0.50957 0.027344
vt 0.485352 0.032714
vt 0.485352 0.027344
vt 0.831797 0.028804
vt 0.831797 0.031743
vt 0.820313 0.032715
vt 0.449887 0.452693
vt 0.449887 0.477972
vt 0.345704 0.486328
vt 0.820313 0.027832
vt 0.761648 0.768046
vt 0.759766 0.756047
vt 0.767146 0.778875
vt 0.775722 0.787475
vt 0.786535 0.793005
vt 0.798527 0.794922
vt 0.345703 0.444337
vt 0.557617 0.716309
vt 0.886231 0.989852
vt 0.88623 0.911516
vt 0.891601 0.90918
vt 0.891602 0.992188
vt 0.930664 0.90918
vt 0.938472 0.90918
vt 0.938477 0.992188
vt 0.930668 0.992188
vt 0.436219 0.792998
vt 0.424073 0.794922
vt 0.424073 0.780407
vt 0.155395 0.078125
vt 0.144043 0.078125
vt 0.144043 0.070801
vt 0.431733 0.779194
vt 0.155395 0.070801
vt 0.55303 0.744333
vt 0.13269 0.078125
vt 0.13269 0.070801
vt 0.447177 0.787415
vt 0.438645 0.775672
vt 0.432128 0.618652
vt 0.424131 0.617385
vt 0.440124 0.617386
vt 0.447339 0.613711
vt 0.453065 0.607986
vt 0.456741 0.600772
vt 0.458008 0.592775
vt 0.582227 0.027344
vt 0.594336 0.027344
vt 0.594336 0.032714
vt 0.582227 0.032714
vt 0.810633 0.719203
vt 0.821446 0.724732
vt 0.09082 0.810547
vt 0.83552 0.744162
vt 0.830022 0.733333
vt 0.086303 0.840033
vt 0.080779 0.829193
vt 0.606445 0.032715
vt 0.072175 0.82059
vt 0.364258 0.027344
vt 0.376367 0.027344
vt 0.376367 0.032714
vt 0.061334 0.815066
vt 0.049317 0.813163
vt 0.606445 0.027344
vt 0.92334 0.893553
vt 0.92334 0.811523
vt 0.966797 0.811525
vt 0.364258 0.032714
vt 0.360352 0.102536
vt 0.360352 0.094727
vt 0.443359 0.09473
vt 0.400494 0.747954
vt 0.223511 0.078125
vt 0.443359 0.102539
vt 0.479004 0.794922
vt 0.223511 0.070801
vt 0.386689 0.743469
vt 0.265625 0.032715
vt 0.234863 0.070801
vt 0.234863 0.078125
vt 0.507029 0.790337
vt 0.392272 0.732511
vt 0.404016 0.741043
vt 0.407517 0.584775
vt 0.4095 0.735558
vt 0.411194 0.577561
vt 0.416919 0.571836
vt 0.007813 0.070801
vt 0.019165 0.070801
vt 0.019165 0.078125
vt 0.496852 0.785151
vt 0.488776 0.777074
vt 0.007813 0.196289
vt 0.007813 0.189486
vt 0.021996 0.174805
vt 0.007813 0.078125
vt 0.48359 0.766897
vt 0.481803 0.755615
vt 0.400968 0.723816
vt 0.411926 0.718232
vt 0.416412 0.732037
vt 0.030518 0.078125
vt 0.030518 0.070802
vt 0.786642 0.719168
vt 0.79864 0.717285
vt 0.761683 0.744054
vt 0.767212 0.733241
vt 0.775812 0.724665
vt 0.432131 0.566895
vt 0.440127 0.568161
vt 0.447342 0.571838
vt 0.453067 0.577563
vt 0.456742 0.584778
vt 0.444129 0.741043
vt 0.438645 0.735558
vt 0.447176 0.723816
vt 0.424134 0.56816
vt 0.388477 0.027344
vt 0.388477 0.032714
vt 0.865234 0.992188
vt 0.865234 0.90918
vt 0.870605 0.911515
vt 0.479004 0.716309
vt 0.400586 0.027344
vt 0.400586 0.032714
vt 0.007813 0.810547
vt 0.870605 0.989852
vt 0.090817 0.196289
vt 0.04187 0.078125
vt 0.04187 0.070802
vt 0.431733 0.732037
vt 0.424073 0.730824
vt 0.424073 0.716309
vt 0.053223 0.078125
vt 0.053223 0.070802
vt 0.436219 0.718232
vt 0.064575 0.078125
vt 0.064575 0.070802
vt 0.412696 0.032714
vt 0.412696 0.027344
vt 0.037298 0.815066
vt 0.48359 0.744333
vt 0.847656 0.032715
vt 0.164063 0.007813
vt 0.164062 0.011719
vt 0.136719 0.011719
vt 0.078125 0.007813
vt 0.078125 0.011719
vt 0.050781 0.011719
vt 0.050781 0.007813
vt 0.136719 0.007813
vt 0.255859 0.486328
vt 0.007813 0.486328
vt 0.007813 0.444336
vt 0.857422 0.486328
vt 0.609375 0.486328
vt 0.609375 0.444336
vt 0.85742 0.444336
vt 0.846749 0.028804
vt 0.847656 0.027832
vt 0.255857 0.444336
vt 0.720702 0.251953
vt 0.720703 0.277343
vt 0.713868 0.277344
vt 0.713867 0.251953
vt 0.473242 0.027344
vt 0.473242 0.032714
vt 0.547844 0.734156
vt 0.539768 0.726079
vt 0.529591 0.720894
vt 0.026457 0.883511
vt 0.017853 0.874908
vt 0.012329 0.864067
vt 0.121338 0.078125
vt 0.121338 0.070802
vt 0.455872 0.778719
vt 0.849609 0.992188
vt 0.830964 0.982144
vt 0.839568 0.973541
vt 0.329834 0.792124
vt 0.341114 0.790337
vt 0.369141 0.794922
vt 0.351291 0.785151
vt 0.845092 0.9627
vt 0.010426 0.852051
vt 0.846995 0.950684
vt 0.518311 0.719106
vt 0.461133 0.032714
vt 0.461133 0.027344
vt 0.44765 0.763277
vt 0.448864 0.755615
vt 0.463379 0.755615
vt 0.461455 0.767762
vt 0.444129 0.770187
vt 0.109985 0.078125
vt 0.098633 0.078125
vt 0.098633 0.070802
vt 0.109985 0.070802
vt 0.449023 0.027344
vt 0.201562 0.027344
vt 0.213672 0.027344
vt 0.213672 0.032714
vt 0.969988 0.05127
vt 0.978743 0.05127
vt 0.979004 0.055175
vt 0.449023 0.032714
vt 0.201562 0.032714
vt 0.189453 0.032714
vt 0.189453 0.027344
vt 0.906006 0.102539
vt 0.894653 0.102539
vt 0.894653 0.095216
vt 0.883301 0.095216
vt 0.883301 0.102539
vt 0.906006 0.095215
vt 0.198213 0.767762
vt 0.196289 0.755615
vt 0.210804 0.755615
vt 0.808106 0.989571
vt 0.820123 0.987668
vt 0.177344 0.032713
vt 0.177344 0.027344
vt 0.359368 0.777074
vt 0.165234 0.032713
vt 0.165234 0.027344
vt 0.364553 0.766897
vt 0.36634 0.755615
vt 0.22345 0.792998
vt 0.212492 0.787415
vt 0.221024 0.775672
vt 0.871948 0.102539
vt 0.871948 0.095215
vt 0.860596 0.102538
vt 0.860596 0.095215
vt 0.153125 0.032713
vt 0.153125 0.027344
vt 0.727539 0.90918
vt 0.727539 0.992188
vt 0.722168 0.989852
vt 0.59375 0.486328
vt 0.369141 0.716309
vt 0.766602 0.992188
vt 0.750977 0.992188
vt 0.743168 0.992188
vt 0.743164 0.90918
vt 0.750972 0.90918
vt 0.849243 0.102539
vt 0.849243 0.095215
vt 0.227935 0.779194
vt 0.235596 0.780407
vt 0.235596 0.794922
vt 0.517579 0.277344
vt 0.517578 0.251953
vt 0.524413 0.251953
vt 0.524414 0.277343
vt 0.705322 0.756104
vt 0.744141 0.75616
vt 0.742224 0.768153
vt 0.717264 0.793039
vt 0.705266 0.794922
vt 0.728094 0.787542
vt 0.736694 0.778966
vt 0.585522 0.452692
vt 0.593747 0.444336
vt 0.215539 0.770188
vt 0.203796 0.77872
vt 0.349534 0.61371
vt 0.343809 0.607983
vt 0.364746 0.592774
vt 0.356748 0.617385
vt 0.340133 0.600769
vt 0.338867 0.592772
vt 0.364745 0.618652
vt 0.212018 0.763277
vt 0.436914 0.032714
vt 0.436914 0.027344
vt 0.424805 0.032714
vt 0.424805 0.027344
vt 0.225781 0.027344
vt 0.225781 0.032714
vt 0.237891 0.027344
vt 0.237891 0.032714
vt 0.121094 0.007813
vt 0.121093 0.011719
vt 0.09375 0.011719
vt 0.09375 0.007813
vt 0.207031 0.007813
vt 0.207031 0.011719
vt 0.179688 0.011719
vt 0.717371 0.719203
vt 0.728185 0.724732
vt 0.179688 0.007813
vt 0.73676 0.733333
vt 0.691406 0.027832
vt 0.691406 0.032715
vt 0.71875 0.032715
vt 0.742259 0.744162
vt 0.71875 0.027832
vt 0.019922 0.027344
vt 0.032032 0.027344
vt 0.032032 0.032714
vt 0.019922 0.032714
vt 0.007813 0.032714
vt 0.007813 0.027344
vt 0.25 0.032715
vt 0.705378 0.717285
vt 0.25 0.027344
vt 0.44765 0.747954
vt 0.455872 0.732511
vt 0.461455 0.743469
vt 0.08728 0.078125
vt 0.075928 0.078125
vt 0.075928 0.070802
vt 0.08728 0.070802
vt 0.978255 0.102539
vt 0.969499 0.102539
vt 0.969238 0.098633
vt 0.969727 0.055176
vt 0.978516 0.098633
vt 0.947266 0.128905
vt 0.947266 0.125
vt 0.956543 0.125001
vt 0.290527 0.794922
vt 0.956543 0.128906
vt 0.953125 0.078123
vt 0.953125 0.074219
vt 0.962402 0.074221
vt 0.849609 0.90918
vt 0.962402 0.078125
vt 0.212018 0.747954
vt 0.917358 0.102539
vt 0.198213 0.743469
vt 0.917358 0.095215
vt 0.928711 0.095215
vt 0.928711 0.102539
vt 0.017853 0.829193
vt 0.012329 0.840033
vt 0.488776 0.734156
vt 0.026457 0.82059
vt 0.496852 0.726079
vt 0.507029 0.720894
vt 0.845092 0.938666
vt 0.839568 0.927825
vt 0.830964 0.919222
vt 0.318552 0.790337
vt 0.308375 0.785151
vt 0.300299 0.777074
vt 0.340134 0.584775
vt 0.343811 0.577561
vt 0.215539 0.741043
vt 0.349536 0.571836
vt 0.203796 0.732511
vt 0.356751 0.56816
vt 0.221024 0.735558
vt 0.364748 0.566895
vt 0.295114 0.766897
vt 0.820123 0.913699
vt 0.808106 0.911795
vt 0.293327 0.755615
vt 0.70166 0.095215
vt 0.713013 0.095215
vt 0.713013 0.102539
vt 0.70166 0.102539
vt 0.724365 0.095216
vt 0.724365 0.102539
vt 0.212492 0.723816
vt 0.227935 0.732037
vt 0.223449 0.718232
vt 0.766602 0.90918
vt 0.742188 0.128906
vt 0.742188 0.119629
vt 0.746094 0.11989
vt 0.519042 0.90918
vt 0.519043 0.992185
vt 0.270996 0.992188
vt 0.270998 0.909182
vt 0.891602 0.213867
vt 0.891602 0.235351
vt 0.808599 0.235352
vt 0.746094 0.128645
vt 0.290527 0.716309
vt 0.735718 0.095216
vt 0.735718 0.102539
vt 0.235596 0.716309
vt 0.235596 0.730824
vt 0.176295 0.501953
vt 0.176295 0.159179
vt 0.176296 0.14502
vt 0.40625 0.119141
vt 0.474609 0.119141
vt 0.474609 0.128906
vt 0.40625 0.128906
vt 0.190946 0.893555
vt 0.196395 0.885815
vt 0.6875 0.618652
vt 0.619142 0.618652
vt 0.619141 0.576172
vt 0.687499 0.576172
vt 0.249895 0.543945
vt 0.181743 0.543945
vt 0.185496 0.885815
vt 0.170846 0.509784
vt 0.183722 0.676566
vt 0.183722 0.634277
vt 0.193359 0.634277
vt 0.645997 0.146973
vt 0.657227 0.146973
vt 0.657226 0.15918
vt 0.645996 0.15918
vt 0.893554 0.371094
vt 0.859863 0.371094
vt 0.875759 0.343262
vt 0.893555 0.343262
vt 0.859864 0.359286
vt 0.589792 0.659359
vt 0.589793 0.641602
vt 0.600691 0.641602
vt 0.942871 0.371094
vt 0.909181 0.371094
vt 0.90918 0.343262
vt 0.926975 0.343262
vt 0.942871 0.359286
vt 0.259767 0.212891
vt 0.270508 0.212891
vt 0.270507 0.235352
vt 0.259766 0.235352
vt 0.712402 0.181641
vt 0.780761 0.181641
vt 0.780762 0.196289
vt 0.091797 0.336426
vt 0.160156 0.336426
vt 0.160156 0.371094
vt 0.091797 0.371094
vt 0.59524 0.700684
vt 0.712403 0.196289
vt 0.979492 0.320801
vt 0.911133 0.320801
vt 0.911133 0.294434
vt 0.979491 0.294434
vt 0.558594 0.371093
vt 0.558595 0.343262
vt 0.626953 0.343262
vt 0.626952 0.371094
vt 0.190943 0.810547
vt 0.04248 0.634277
vt 0.032843 0.658395
vt 0.018084 0.658395
vt 0.185494 0.81947
vt 0.007813 0.634277
vt 0.04248 0.700684
vt 0.032843 0.700684
vt 0.193359 0.700684
vt 0.158691 0.700684
vt 0.168964 0.676566
vt 0.106448 0.893555
vt 0.117346 0.885815
vt 0.091797 0.159179
vt 0.091798 0.14502
vt 0.322266 0.119141
vt 0.390625 0.119141
vt 0.390625 0.128906
vt 0.322266 0.128906
vt 0.091797 0.501953
vt 0.102695 0.509784
vt 0.170845 0.543945
vt 0.102694 0.543945
vt 0.703125 0.576172
vt 0.771483 0.576172
vt 0.771484 0.618652
vt 0.703126 0.618652
vt 0.619141 0.146973
vt 0.630371 0.146973
vt 0.63037 0.15918
vt 0.091797 0.509784
vt 0.083136 0.676566
vt 0.083136 0.634277
vt 0.092773 0.634277
vt 0.469727 0.893555
vt 0.455729 0.893554
vt 0.455729 0.885815
vt 0.619141 0.15918
vt 0.2334 0.212891
vt 0.244141 0.212891
vt 0.24414 0.235352
vt 0.844238 0.359286
vt 0.844238 0.371094
vt 0.810547 0.343262
vt 0.828342 0.343262
vt 0.233398 0.235352
vt 0.510744 0.641602
vt 0.521642 0.641602
vt 0.521641 0.659359
vt 0.443852 0.885814
vt 0.427734 0.869884
vt 0.810548 0.371094
vt 0.628418 0.181641
vt 0.696777 0.181641
vt 0.696777 0.196289
vt 0.007813 0.336426
vt 0.076172 0.336426
vt 0.076172 0.371094
vt 0.628418 0.196289
vt 0.117344 0.81947
vt 0.106445 0.810547
vt 0.007813 0.371094
vt 0.794922 0.343262
vt 0.794921 0.371094
vt 0.726563 0.371094
vt 0.510742 0.700684
vt 0.82715 0.320801
vt 0.827148 0.294434
vt 0.895507 0.294434
vt 0.895508 0.320801
vt 0.726564 0.343262
vt 0.469727 0.810548
vt 0.092773 0.700684
vt 0.058105 0.700684
vt 0.068378 0.676566
vt 0.427734 0.810547
vt 0.785246 0.982144
vt 0.796088 0.987668
vt 0.141015 0.032713
vt 0.128906 0.032714
vt 0.128906 0.027344
vt 0.116797 0.027344
vt 0.116797 0.032714
vt 0.786659 0.032715
vt 0.786658 0.027832
vt 0.141015 0.027344
vt 0.668386 0.768046
vt 0.666504 0.756047
vt 0.673884 0.778875
vt 0.68246 0.787475
vt 0.693273 0.793005
vt 0.837891 0.102539
vt 0.837891 0.095215
vt 0.722168 0.911516
vt 0.247742 0.792998
vt 0.243257 0.779194
vt 0.364553 0.744333
vt 0.267396 0.778719
vt 0.2587 0.787415
vt 0.250168 0.775672
vt 0.359367 0.734156
vt 0.826538 0.102539
vt 0.826538 0.095215
vt 0.815185 0.102539
vt 0.815185 0.095216
vt 0.372742 0.617386
vt 0.272978 0.767762
vt 0.255653 0.770187
vt 0.259174 0.763277
vt 0.379956 0.613711
vt 0.385682 0.607986
vt 0.389358 0.600772
vt 0.390625 0.592775
vt 0.15918 0.04834
vt 0.294922 0.04834
vt 0.294922 0.055176
vt 0.15918 0.055176
vt 0.776855 0.071289
vt 0.912598 0.071289
vt 0.912598 0.078125
vt 0.776855 0.078125
vt 0.846749 0.031743
vt 0.893555 0.055174
vt 0.881445 0.055174
vt 0.881445 0.049805
vt 0.893555 0.049805
vt 0.54004 0.277344
vt 0.540039 0.251954
vt 0.67578 0.251953
vt 0.007813 0.04834
vt 0.143555 0.04834
vt 0.143555 0.055176
vt 0.007813 0.055176
vt 0.675781 0.277343
vt 0.479491 0.251953
vt 0.479492 0.277343
vt 0.343751 0.277344
vt 0.104687 0.027344
vt 0.104687 0.032714
vt 0.905664 0.055174
vt 0.905664 0.049805
vt 0.34375 0.251954
vt 0.092578 0.027344
vt 0.76123 0.078125
vt 0.625488 0.078125
vt 0.625488 0.071289
vt 0.76123 0.071289
vt 0.092578 0.032714
vt 0.917773 0.055174
vt 0.917773 0.049805
vt 0.351291 0.726079
vt 0.341114 0.720894
vt 0.706543 0.992188
vt 0.702026 0.9627
vt 0.703929 0.950684
vt 0.329834 0.719106
vt 0.776642 0.973541
vt 0.769215 0.950684
vt 0.771118 0.9627
vt 0.677056 0.987668
vt 0.687898 0.982144
vt 0.141358 0.792124
vt 0.152638 0.790337
vt 0.180664 0.794922
vt 0.162814 0.785151
vt 0.585524 0.477972
vt 0.696502 0.973541
vt 0.170891 0.777074
vt 0.176076 0.766897
vt 0.629272 0.095215
vt 0.640625 0.095216
vt 0.640625 0.102539
vt 0.629272 0.102539
vt 0.024016 0.787415
vt 0.01532 0.77872
vt 0.027062 0.770188
vt 0.931413 0.028809
vt 0.940169 0.028809
vt 0.94043 0.032714
vt 0.803833 0.102539
vt 0.803833 0.095216
vt 0.79248 0.095216
vt 0.260387 0.755615
vt 0.274902 0.755615
vt 0.79248 0.102539
vt 0.651977 0.102539
vt 0.651977 0.095216
vt 0.66333 0.095215
vt 0.66333 0.102539
vt 0.009736 0.767762
vt 0.023541 0.763277
vt 0.022328 0.755615
vt 0.007813 0.755615
vt 0.67395 0.733241
vt 0.682551 0.724665
vt 0.668421 0.744054
vt 0.69338 0.719168
vt 0.259174 0.747954
vt 0.255653 0.741043
vt 0.267396 0.732511
vt 0.272978 0.743469
vt 0.372745 0.568161
vt 0.379959 0.571838
vt 0.385684 0.577563
vt 0.389359 0.584778
vt 0.250168 0.735558
vt 0.2587 0.723816
vt 0.74707 0.102539
vt 0.808594 0.213867
vt 0.74707 0.095216
vt 0.243257 0.732037
vt 0.247742 0.718232
vt 0.044141 0.032714
vt 0.044141 0.027344
vt 0.05625 0.027344
vt 0.068359 0.027344
vt 0.068359 0.032714
vt 0.796087 0.913699
vt 0.785246 0.919222
vt 0.05625 0.032714
vt 0.308375 0.726079
vt 0.300299 0.734156
vt 0.295114 0.744333
vt 0.758423 0.102539
vt 0.758423 0.095216
vt 0.769775 0.102539
vt 0.769775 0.095216
vt 0.929883 0.049805
vt 0.929883 0.055175
vt 0.706543 0.90918
vt 0.080469 0.027344
vt 0.080469 0.032714
vt 0.928223 0.074219
vt 0.9375 0.074219
vt 0.937239 0.078125
vt 0.953613 0.098634
vt 0.953613 0.102539
vt 0.944336 0.102538
vt 0.944336 0.098633
vt 0.928484 0.078125
vt 0.931152 0.032715
vt 0.965332 0.02881
vt 0.965332 0.032715
vt 0.956055 0.032713
vt 0.956055 0.028809
vt 0.102051 0.794922
vt 0.941992 0.055175
vt 0.941992 0.049805
vt 0.781128 0.095216
vt 0.781128 0.102539
vt 0.009736 0.743469
vt 0.015319 0.732511
vt 0.027062 0.741043
vt 0.674682 0.102539
vt 0.023541 0.747954
vt 0.674682 0.095215
vt 0.686035 0.102539
vt 0.686035 0.095215
vt 0.776642 0.927825
vt 0.771118 0.938666
vt 0.702026 0.938666
vt 0.318552 0.720894
vt 0.130076 0.790337
vt 0.119899 0.785151
vt 0.111822 0.777074
vt 0.954102 0.055176
vt 0.954102 0.049805
vt 0.106637 0.766897
vt 0.687898 0.919222
vt 0.677056 0.913699
vt 0.696502 0.927825
vt 0.024015 0.723816
vt 0.032547 0.735558
vt 0.470337 0.102539
vt 0.458984 0.102539
vt 0.458984 0.095215
vt 0.470337 0.095215
vt 0.665039 0.989571
vt 0.623535 0.992188
vt 0.857226 0.055174
vt 0.845117 0.055174
vt 0.845117 0.049805
vt 0.857226 0.049805
vt 0.869336 0.055174
vt 0.869336 0.049805
vt 0.777344 0.032715
vt 0.777344 0.027832
vt 0.61206 0.756104
vt 0.624002 0.793039
vt 0.612004 0.794922
vt 0.650879 0.75616
vt 0.648962 0.768153
vt 0.634832 0.787542
vt 0.600011 0.793005
vt 0.643432 0.778966
vt 0.61792 0.095215
vt 0.177863 0.755615
vt 0.034973 0.792998
vt 0.032547 0.775672
vt 0.61792 0.102538
vt 0.039458 0.779194
vt 0.561035 0.90918
vt 0.561035 0.992188
vt 0.555664 0.989852
vt 0.60791 0.992188
vt 0.600102 0.992188
vt 0.600098 0.90918
vt 0.607906 0.90918
vt 0.555664 0.911516
vt 0.180664 0.716309
vt 0.047119 0.794922
vt 0.047119 0.780407
vt 0.595215 0.095215
vt 0.606567 0.095215
vt 0.606567 0.102539
vt 0.595215 0.102539
vt 0.059266 0.792998
vt 0.05478 0.779194
vt 0.276426 0.607983
vt 0.27275 0.600769
vt 0.297363 0.592774
vt 0.282151 0.61371
vt 0.289365 0.617385
vt 0.297362 0.618652
vt 0.305359 0.617386
vt 0.312574 0.613711
vt 0.271484 0.592772
vt 0.589198 0.787475
vt 0.580622 0.778875
vt 0.575124 0.768046
vt 0.833008 0.049805
vt 0.833008 0.055174
vt 0.573242 0.756047
vt 0.873047 0.444336
vt 0.89453 0.444337
vt 0.894531 0.486328
vt 0.698242 0.251953
vt 0.698241 0.277344
vt 0.691406 0.277344
vt 0.873049 0.486328
vt 0.691407 0.251953
vt 0.808789 0.055175
vt 0.79668 0.055175
vt 0.79668 0.049805
vt 0.292969 0.486328
vt 0.271486 0.486328
vt 0.271484 0.444336
vt 0.292967 0.444337
vt 0.820898 0.049805
vt 0.820898 0.055174
vt 0.501953 0.251953
vt 0.501952 0.277344
vt 0.495117 0.277344
vt 0.495118 0.251953
vt 0.808789 0.049805
vt 0.162815 0.726079
vt 0.152638 0.720894
vt 0.170891 0.734156
vt 0.176076 0.744333
vt 0.633576 0.973541
vt 0.64218 0.982144
vt 0.653021 0.987668
vt 0.628052 0.9627
vt 0.078919 0.778719
vt 0.070224 0.787415
vt 0.061692 0.775672
vt 0.583862 0.102539
vt 0.572509 0.102539
vt 0.57251 0.095216
vt 0.583862 0.095215
vt 0.318299 0.607986
vt 0.067176 0.770187
vt 0.321975 0.600772
vt 0.323242 0.592775
vt 0.141358 0.719106
vt 0.626148 0.950684
vt 0.070697 0.763277
vt 0.084502 0.767762
vt 0.071911 0.755615
vt 0.086426 0.755615
vt 0.561157 0.102539
vt 0.561157 0.095216
vt 0.549804 0.095216
vt 0.549804 0.102539
vt 0.600118 0.719168
vt 0.612117 0.717285
vt 0.62411 0.719203
vt 0.634923 0.724732
vt 0.643499 0.733333
vt 0.648997 0.744162
vt 0.276428 0.577561
vt 0.282153 0.571836
vt 0.289368 0.56816
vt 0.297365 0.566895
vt 0.272752 0.584775
vt 0.305362 0.568161
vt 0.312576 0.571838
vt 0.10485 0.755615
vt 0.711914 0.049805
vt 0.724023 0.049805
vt 0.724023 0.055175
vt 0.48169 0.102539
vt 0.711914 0.055175
vt 0.665039 0.911795
vt 0.48169 0.095216
vt 0.034973 0.718232
vt 0.039458 0.732037
vt 0.102051 0.716309
vt 0.736133 0.049805
vt 0.748242 0.049805
vt 0.748242 0.055175
vt 0.736133 0.055175
vt 0.623535 0.90918
vt 0.534668 0.992188
vt 0.534668 0.90918
vt 0.540039 0.911515
vt 0.540039 0.989852
vt 0.504394 0.102539
vt 0.493042 0.102539
vt 0.493042 0.095216
vt 0.047119 0.716309
vt 0.059266 0.718232
vt 0.05478 0.732037
vt 0.504394 0.095216
vt 0.047119 0.730824
vt 0.589289 0.724665
vt 0.580689 0.733241
vt 0.575159 0.744054
vt 0.261719 0.102537
vt 0.261719 0.094727
vt 0.344726 0.094729
vt 0.78457 0.049805
vt 0.78457 0.055175
vt 0.344727 0.102539
vt 0.693953 0.055176
vt 0.615617 0.055176
vt 0.613281 0.049805
vt 0.696289 0.049805
vt 0.772461 0.055175
vt 0.772461 0.049805
vt 0.130076 0.720894
vt 0.321976 0.584778
vt 0.318301 0.577563
vt 0.070697 0.747954
vt 0.084502 0.743469
vt 0.527099 0.095216
vt 0.538452 0.095216
vt 0.538452 0.102539
vt 0.527099 0.102539
vt 0.078919 0.732511
vt 0.067176 0.741043
vt 0.760352 0.049805
vt 0.760352 0.055175
vt 0.653021 0.913699
vt 0.111822 0.734156
vt 0.106637 0.744333
vt 0.070223 0.723816
vt 0.515747 0.095216
vt 0.061691 0.735558
vt 0.515747 0.102539
vt 0.119899 0.726079
vt 0.64218 0.919222
vt 0.633576 0.927825
vt 0.628052 0.938666
vt 0.960449 0.79492
vt 0.953615 0.794922
vt 0.953613 0.752931
vt 0.960447 0.75293
vt 0.488765 0.618649
vt 0.473633 0.618652
vt 0.473636 0.573246
vt 0.48877 0.573242
vt 0.966797 0.893555
vt 0.09082 0.174805
vt 0.907227 0.90918
vt 0.915037 0.90918
vt 0.915039 0.992188
vt 0.907228 0.992188
vt 0.034949 0.511324
vt 0.034947 0.534573
vt 0.007813 0.543943
vt 0.076168 0.543945
vt 0.007816 0.501953
vt 0.076172 0.501956
vt 0.076172 0.211914
vt 0.07617 0.235351
vt 0.06543 0.235352
vt 0.065431 0.211914
vt 0.666504 0.027832
vt 0.675781 0.027832
vt 0.675781 0.032715
vt 0.666504 0.032714
vt 0.949219 0.15918
vt 0.949219 0.155273
vt 0.95218 0.155273
vt 0.308595 0.386719
vt 0.330078 0.386719
vt 0.330077 0.428711
vt 0.308594 0.428711
vt 0.640625 0.501953
vt 0.640623 0.543945
vt 0.619141 0.543945
vt 0.619142 0.501953
vt 0.603516 0.501954
vt 0.603516 0.543945
vt 0.56536 0.532165
vt 0.56536 0.513734
vt 0.676768 0.541205
vt 0.683116 0.543945
vt 0.65625 0.543945
vt 0.728428 0.312248
vt 0.7238 0.314025
vt 0.718737 0.301537
vt 0.724024 0.299507
vt 0.666205 0.537718
vt 0.671215 0.540311
vt 0.713563 0.303846
vt 0.120631 0.196289
vt 0.106447 0.181608
vt 0.106445 0.174805
vt 0.719271 0.316047
vt 0.662229 0.533679
vt 0.659677 0.528591
vt 0.534751 0.369401
vt 0.527343 0.355469
vt 0.538694 0.36643
vt 0.658796 0.522949
vt 0.525148 0.371094
vt 0.530084 0.371008
vt 0.737931 0.309447
vt 0.733143 0.310721
vt 0.729409 0.297763
vt 0.734879 0.296307
vt 0.520427 0.369651
vt 0.80647 0.304468
vt 0.811523 0.307138
vt 0.805029 0.318929
vt 0.800641 0.316609
vt 0.708517 0.306428
vt 0.703613 0.309276
vt 0.714853 0.318307
vt 0.687366 0.537684
vt 0.690663 0.534335
vt 0.682322 0.540311
vt 0.71056 0.320801
vt 0.541525 0.362387
vt 0.542969 0.357666
vt 0.541275 0.348063
vt 0.538304 0.344119
vt 0.53426 0.341288
vt 0.542883 0.352729
vt 0.742779 0.308431
vt 0.511804 0.358209
vt 0.513412 0.362877
vt 0.740416 0.295147
vt 0.65625 0.501954
vt 0.516383 0.366819
vt 0.747672 0.307675
vt 0.746006 0.294284
vt 0.751633 0.29372
vt 0.757283 0.293457
vt 0.757544 0.306951
vt 0.676768 0.504694
vt 0.683116 0.501954
vt 0.752599 0.307181
vt 0.671215 0.505587
vt 0.659677 0.517308
vt 0.66223 0.512219
vt 0.666205 0.508181
vt 0.513161 0.348553
vt 0.511719 0.353273
vt 0.52954 0.339844
vt 0.519936 0.341537
vt 0.515993 0.344509
vt 0.524603 0.339931
vt 0.768582 0.293837
vt 0.774203 0.294479
vt 0.772356 0.307845
vt 0.767436 0.307284
vt 0.762494 0.306985
vt 0.762937 0.293496
vt 0.682322 0.505587
vt 0.687332 0.508181
vt 0.962891 0.155273
vt 0.449887 0.395075
vt 0.449887 0.420355
vt 0.345704 0.428711
vt 0.799963 0.310889
vt 0.802206 0.302494
vt 0.796141 0.314525
vt 0.791536 0.312684
vt 0.793203 0.308065
vt 0.798046 0.310001
vt 0.189448 0.174805
vt 0.189453 0.196288
vt 0.432617 0.176758
vt 0.432617 0.196289
vt 0.425293 0.196289
vt 0.425293 0.176758
vt 0.345703 0.386719
vt 0.783249 0.304982
vt 0.788266 0.306391
vt 0.786843 0.311092
vt 0.778164 0.303843
vt 0.782072 0.309752
vt 0.778873 0.295266
vt 0.776084 0.303492
vt 0.777238 0.308669
vt 0.007813 0.90918
vt 0.007813 0.992187
vt 0.255371 0.992188
vt 0.255371 0.90918
vt 0.647003 0.032715
vt 0.647003 0.031625
vt 0.648941 0.031625
vt 0.065432 0.128906
vt 0.06543 0.118164
vt 0.10742 0.118164
vt 0.107422 0.128906
vt 0.650879 0.032715
vt 0.076169 0.534575
vt 0.64891 0.028922
vt 0.978516 0.700678
vt 0.957033 0.700684
vt 0.957031 0.658696
vt 0.978513 0.658691
vt 0.133789 0.211915
vt 0.133787 0.235352
vt 0.091797 0.235349
vt 0.091797 0.211914
vt 0.049805 0.118165
vt 0.049803 0.128906
vt 0.007813 0.128906
vt 0.007815 0.118164
vt 0.650849 0.027832
vt 0.646973 0.027832
vt 0.646973 0.028922
vt 0.076171 0.511326
vt 0.941406 0.700684
vt 0.8584 0.700684
vt 0.858398 0.658691
vt 0.941406 0.658691
vt 0.626709 0.028922
vt 0.631348 0.027833
vt 0.631348 0.032715
vt 0.626709 0.031625
vt 0.969238 0.347656
vt 0.969237 0.371094
vt 0.958496 0.371094
vt 0.958498 0.347657
vt 0.622071 0.027832
vt 0.765625 0.128906
vt 0.761719 0.128906
vt 0.761719 0.119629
vt 0.765624 0.119629
vt 0.418612 0.078125
vt 0.254239 0.078125
vt 0.250488 0.070801
vt 0.422363 0.070801
vt 0.25 0.007813
vt 0.25 0.011719
vt 0.222656 0.011719
vt 0.222656 0.007813
vt 0.734375 0.032715
vt 0.761719 0.032715
vt 0.761719 0.027832
vt 0.734375 0.027832
vt 0.355469 0.543945
vt 0.393625 0.532165
vt 0.59375 0.42871
vt 0.609863 0.078124
vt 0.437988 0.078125
vt 0.441739 0.070801
vt 0.593747 0.386719
vt 0.585522 0.395074
vt 0.355469 0.501953
vt 0.916991 0.251953
vt 0.916992 0.277343
vt 0.910157 0.277344
vt 0.910156 0.251953
vt 0.255859 0.428711
vt 0.007813 0.42871
vt 0.007813 0.386719
vt 0.255857 0.386719
vt 0.461914 0.212891
vt 0.564015 0.218998
vt 0.5632 0.224121
vt 0.566379 0.214376
vt 0.461916 0.235352
vt 0.2441 0.09375
vt 0.246094 0.102539
vt 0.14048 0.102539
vt 0.799674 0.534335
vt 0.780273 0.543945
vt 0.134809 0.09375
vt 0.567869 0.212891
vt 0.566379 0.233866
vt 0.567871 0.235352
vt 0.013528 0.09375
vt 0.119141 0.09375
vt 0.117147 0.102539
vt 0.780273 0.501954
vt 0.007856 0.102539
vt 0.690661 0.511562
vt 0.799674 0.511562
vt 0.564015 0.229244
vt 0.792969 0.213867
vt 0.792969 0.23535
vt 0.709961 0.235352
vt 0.709964 0.213869
vt 0.448242 0.177734
vt 0.612793 0.177735
vt 0.612793 0.196289
vt 0.976563 0.155273
vt 0.976562 0.15918
vt 0.448242 0.196288
vt 0.255857 0.618652
vt 0.244961 0.577328
vt 0.244961 0.55957
vt 0.255859 0.55957
vt 0.007813 0.011719
vt 0.007813 0.007813
vt 0.010774 0.011719
vt 0.763021 0.885815
vt 0.749023 0.810548
vt 0.791016 0.810547
vt 0.774898 0.885814
vt 0.23338 0.676566
vt 0.243652 0.700684
vt 0.208984 0.700684
vt 0.218622 0.676566
vt 0.791016 0.869884
vt 0.7225 0.885815
vt 0.722498 0.81947
vt 0.733396 0.810547
vt 0.427734 0.336426
vt 0.496094 0.336426
vt 0.496094 0.371094
vt 0.427734 0.371094
vt 0.654348 0.81947
vt 0.648898 0.810547
vt 0.021484 0.011719
vt 0.171359 0.618652
vt 0.17681 0.577328
vt 0.88131 0.032715
vt 0.88131 0.027832
vt 0.890625 0.027832
vt 0.890625 0.032715
vt 0.259766 0.250977
vt 0.328124 0.250977
vt 0.328125 0.277344
vt 0.308105 0.292969
vt 0.308104 0.320801
vt 0.239746 0.320801
vt 0.259767 0.277344
vt 0.239747 0.292969
vt 0.076172 0.15918
vt 0.007813 0.15918
vt 0.007813 0.144531
vt 0.076172 0.144531
vt 0.687987 0.320801
vt 0.654297 0.320801
vt 0.670193 0.292969
vt 0.733398 0.893555
vt 0.208984 0.634277
vt 0.218622 0.634277
vt 0.687988 0.292969
vt 0.749023 0.893555
vt 0.80713 0.146973
vt 0.818359 0.146973
vt 0.818359 0.15918
vt 0.763021 0.893554
vt 0.654297 0.308993
vt 0.694335 0.235352
vt 0.683594 0.235352
vt 0.683595 0.212891
vt 0.857422 0.386719
vt 0.857422 0.39455
vt 0.846524 0.39455
vt 0.694336 0.212891
vt 0.807129 0.15918
vt 0.787111 0.618652
vt 0.787109 0.576172
vt 0.855467 0.576172
vt 0.855469 0.618652
vt 0.846523 0.428711
vt 0.778371 0.428711
vt 0.778372 0.39455
vt 0.490234 0.119141
vt 0.558594 0.119141
vt 0.558594 0.128906
vt 0.772923 0.386719
vt 0.519017 0.159179
vt 0.519017 0.14502
vt 0.603516 0.145021
vt 0.648901 0.893555
vt 0.65435 0.885815
vt 0.490234 0.128906
vt 0.603515 0.15918
vt 0.165911 0.577328
vt 0.420428 0.658395
vt 0.410156 0.634277
vt 0.444824 0.634277
vt 0.268915 0.658395
vt 0.259277 0.634277
vt 0.293945 0.634277
vt 0.643449 0.81947
vt 0.283673 0.658395
vt 0.435187 0.658395
vt 0.035156 0.007813
vt 0.265625 0.011719
vt 0.265625 0.007813
vt 0.292969 0.007813
vt 0.292968 0.011719
vt 0.575299 0.81947
vt 0.097761 0.577328
vt 0.555664 0.320801
vt 0.555665 0.308993
vt 0.57156 0.292969
vt 0.589355 0.292969
vt 0.589355 0.320801
vt 0.165912 0.55957
vt 0.17681 0.55957
vt 0.657228 0.212891
vt 0.667969 0.212891
vt 0.667968 0.235352
vt 0.657227 0.235352
vt 0.638672 0.308993
vt 0.638672 0.320801
vt 0.60498 0.292969
vt 0.622776 0.292969
vt 0.604981 0.320801
vt 0.780274 0.146973
vt 0.791504 0.146973
vt 0.791503 0.15918
vt 0.259278 0.700684
vt 0.643452 0.885815
vt 0.780273 0.15918
vt 0.435187 0.700684
vt 0.444824 0.700684
vt 0.268915 0.700684
vt 0.767474 0.39455
vt 0.699323 0.39455
vt 0.622071 0.028922
vt 0.62207 0.032714
vt 0.049805 0.211915
vt 0.049804 0.235352
vt 0.007813 0.23535
vt 0.007815 0.211914
vt 0.62207 0.031625
vt 0.891603 0.15918
vt 0.891602 0.148438
vt 0.933592 0.148438
vt 0.933594 0.159179
vt 0.833984 0.159179
vt 0.833986 0.148438
vt 0.875977 0.148438
vt 0.875974 0.15918
vt 0.123047 0.128906
vt 0.12305 0.118164
vt 0.165039 0.118165
vt 0.955078 0.618652
vt 0.955081 0.576661
vt 0.96582 0.586032
vt 0.96582 0.609281
vt 0.165037 0.128906
vt 0.175781 0.235349
vt 0.175782 0.211914
vt 0.217773 0.211915
vt 0.976559 0.618652
vt 0.97656 0.609281
vt 0.963867 0.386721
vt 0.963866 0.396092
vt 0.922644 0.39609
vt 0.957923 0.453707
vt 0.947266 0.453708
vt 0.947266 0.444337
vt 0.968583 0.444336
vt 0.976563 0.57666
vt 0.96875 0.486327
vt 0.958093 0.476957
vt 0.947433 0.486328
vt 0.947434 0.476957
vt 0.976562 0.586031
vt 0.922642 0.419339
vt 0.963864 0.419341
vt 0.963863 0.428711
vt 0.222654 0.118164
vt 0.222656 0.128906
vt 0.180666 0.128906
vt 0.217771 0.235352
vt 0.180664 0.118164
vt 0.606112 0.070801
vt 0.583498 0.235352
vt 0.583496 0.212891
vt 0.588864 0.212891
vt 0.588867 0.235352
vt 0.393625 0.513733
vt 0.961912 0.253418
vt 0.961914 0.277344
vt 0.955079 0.277344
vt 0.007813 0.099775
vt 0.955078 0.253418
vt 0.828974 0.534335
vt 0.134766 0.096514
vt 0.597656 0.055176
vt 0.461914 0.055176
vt 0.461914 0.04834
vt 0.597656 0.04834
vt 0.904297 0.543945
vt 0.585524 0.420354
vt 0.872069 0.251953
vt 0.87207 0.277343
vt 0.736329 0.277344
vt 0.446289 0.055176
vt 0.310547 0.055176
vt 0.310547 0.04834
vt 0.446289 0.04834
vt 0.736328 0.251954
vt 0.828973 0.511561
vt 0.904296 0.501953
vt 0.939451 0.253418
vt 0.939453 0.277344
vt 0.932619 0.277343
vt 0.932617 0.253418
vt 0.440918 0.235352
vt 0.440919 0.212891
vt 0.446285 0.212891
vt 0.446289 0.235352
vt 0.317896 0.196289
vt 0.303711 0.174805
vt 0.386714 0.174805
vt 0.57666 0.90918
vt 0.584471 0.90918
vt 0.584473 0.992188
vt 0.576662 0.992188
vt 0.386719 0.196288
vt 0.895512 0.386719
vt 0.160156 0.211914
vt 0.160154 0.235351
vt 0.149414 0.235352
vt 0.90625 0.027832
vt 0.915527 0.027832
vt 0.915527 0.032715
vt 0.90625 0.032714
vt 0.895508 0.428709
vt 0.149416 0.211914
vt 0.879883 0.428709
vt 0.873048 0.428711
vt 0.873047 0.38672
vt 0.519527 0.618649
vt 0.504395 0.618652
vt 0.504397 0.573246
vt 0.879881 0.386719
vt 0.303713 0.181608
vt 0.519531 0.573242
vt 0.907715 0.811523
vt 0.907714 0.893553
vt 0.864258 0.893555
vt 0.864258 0.811525
vt 0.931641 0.128906
vt 0.864258 0.126142
vt 0.869966 0.120117
vt 0.93164 0.120117
vt 0.864258 0.128906
vt 0.288083 0.196289
vt 0.205078 0.196289
vt 0.219262 0.174805
vt 0.288086 0.174805
vt 0.896249 0.534335
vt 0.363281 0.235352
vt 0.363281 0.212891
vt 0.425292 0.212891
vt 0.425293 0.235352
vt 0.848633 0.120117
vt 0.848633 0.128906
vt 0.786958 0.128906
vt 0.896249 0.511561
vt 0.78125 0.12288
vt 0.78125 0.120117
vt 0.409668 0.176758
vt 0.409667 0.196289
vt 0.402344 0.196289
vt 0.402344 0.176758
vt 0.894531 0.251953
vt 0.894531 0.277344
vt 0.887695 0.277344
vt 0.271484 0.386719
vt 0.292967 0.386719
vt 0.292969 0.428711
vt 0.941405 0.501954
vt 0.941406 0.543945
vt 0.919924 0.543945
vt 0.887696 0.251953
vt 0.271486 0.428711
vt 0.205079 0.189486
vt 0.338867 0.235352
vt 0.338869 0.212891
vt 0.347655 0.212891
vt 0.347656 0.235352
vt 0.919922 0.501953
vt 0.569849 0.810547
vt 0.09231 0.618652
vt 0.872596 0.032715
vt 0.872596 0.027832
vt 0.412109 0.371094
vt 0.34375 0.371094
vt 0.34375 0.336426
vt 0.412109 0.336426
vt 0.907227 0.220703
vt 0.975586 0.220703
vt 0.975586 0.235352
vt 0.224121 0.292969
vt 0.22412 0.320801
vt 0.155762 0.3208
vt 0.907227 0.235351
vt 0.175781 0.250977
vt 0.24414 0.250977
vt 0.244141 0.277344
vt 0.175782 0.277344
vt 0.155763 0.292969
vt 0.086862 0.577328
vt 0.319842 0.658395
vt 0.30957 0.634277
vt 0.344238 0.634277
vt 0.334601 0.658395
vt 0.5644 0.81947
vt 0.035156 0.011719
vt 0.48548 0.676566
vt 0.495117 0.700684
vt 0.460449 0.700684
vt 0.470721 0.676566
vt 0.767473 0.428711
vt 0.699322 0.428711
vt 0.939453 0.618652
vt 0.871095 0.618652
vt 0.871094 0.576172
vt 0.939452 0.576172
vt 0.569852 0.893555
vt 0.439967 0.159179
vt 0.439968 0.14502
vt 0.693874 0.386719
vt 0.726563 0.128906
vt 0.658203 0.128906
vt 0.658203 0.119141
vt 0.575301 0.885815
vt 0.726563 0.119141
vt 0.630861 0.212891
vt 0.641602 0.212891
vt 0.6416 0.235352
vt 0.630859 0.235352
vt 0.086863 0.55957
vt 0.097761 0.55957
vt 0.540039 0.308993
vt 0.540039 0.320801
vt 0.506348 0.292969
vt 0.457031 0.320801
vt 0.457032 0.308993
vt 0.472927 0.292969
vt 0.490723 0.292969
vt 0.490722 0.320801
vt 0.524143 0.292969
vt 0.506349 0.320801
vt 0.753419 0.146973
vt 0.764648 0.146973
vt 0.764648 0.15918
vt 0.753418 0.15918
vt 0.344238 0.700684
vt 0.334601 0.700684
vt 0.495117 0.634277
vt 0.688425 0.39455
vt 0.564403 0.885815
vt 0.48548 0.634277
vt 0.007813 0.618652
vt 0.018712 0.577328
vt 0.863281 0.032715
vt 0.863281 0.027832
vt 0.485352 0.810547
vt 0.49625 0.81947
vt 0.259766 0.336426
vt 0.328125 0.336426
vt 0.328125 0.371094
vt 0.259766 0.371094
vt 0.880371 0.181641
vt 0.94873 0.181641
vt 0.94873 0.196289
vt 0.32373 0.320801
vt 0.323732 0.292969
vt 0.39209 0.292969
vt 0.880371 0.196289
vt 0.091798 0.277344
vt 0.091797 0.250977
vt 0.160156 0.250977
vt 0.392089 0.320801
vt 0.160156 0.277344
vt 0.496252 0.885815
vt 0.806641 0.869884
vt 0.806641 0.810547
vt 0.848633 0.810548
vt 0.359863 0.700684
vt 0.370135 0.676566
vt 0.384894 0.676566
vt 0.394531 0.700684
vt 0.834635 0.885815
vt 0.007814 0.55957
vt 0.688423 0.428711
vt 0.620272 0.428711
vt 0.842773 0.700684
vt 0.774415 0.700684
vt 0.774414 0.658203
vt 0.620273 0.39455
vt 0.842772 0.658203
vt 0.485354 0.893555
vt 0.609375 0.386719
vt 0.355469 0.159179
vt 0.355469 0.14502
vt 0.574219 0.119141
vt 0.642578 0.119141
vt 0.642578 0.128906
vt 0.574219 0.128906
vt 0.018712 0.55957
vt 0.604493 0.212891
vt 0.615234 0.212891
vt 0.615233 0.235352
vt 0.604492 0.235352
vt 0.441406 0.308993
vt 0.441406 0.320801
vt 0.407715 0.292969
vt 0.822759 0.885814
vt 0.42551 0.292969
vt 0.407716 0.320801
vt 0.848633 0.893555
vt 0.609375 0.39455
vt 0.834635 0.893554
vt 0.394531 0.634277
vt 0.726563 0.146973
vt 0.737793 0.146973
vt 0.737792 0.15918
vt 0.384894 0.634277
vt 0.726563 0.15918

vn 0.000001 1 -0.000017
vn -0.000001 1 0
vn 0.000002 1 -0.000023
vn 1 -0.000041 -0.000033
vn 0 0.707115 -0.707098
vn 0 0.000044 -1
vn -1 0.000036 0
vn -1 0.000026 0.000019
vn -1 0.000033 0.000023
vn 1 0.000003 -0.00004
vn 1 0.000013 -0.000033
vn -0.000003 -1 -0.000001
vn -0.000001 -1 0.000017
vn -0.000002 -1 0.000023
vn -1 0.000041 0.000031
vn 1 0.000008 -0.000037
vn 0 0 1
vn 0 0.000037 -1
vn -0.000024 -1 0.000029
vn -0.000023 -1 0.000026
vn 0.000001 1 -0.000036
vn 0.000002 1 -0.000058
vn 0.000001 -1 0
vn 1 0.000001 -0.000043
vn -0.000004 -1 -0.000001
vn -1 0.000044 0.000031
vn 0.000006 1 0.000001
vn 0.000003 1 0
vn 0.000007 0.000037 -1
vn -0.000001 -0.921934 0.387347
vn 0.000007 0 -1
vn 0.000007 1 0
vn 0.000004 1 0
vn -0.000013 -1 -0.000003
vn -0.000002 -1 -0.000001
vn 0 -0.000037 1
vn 0.000003 1 -0.000033
vn 0 0 -1
vn -0.000021 -1 0.000007
vn 1 -0.000001 -0.00004
vn 1 0.000029 -0.000031
vn 1 0.000013 -0.000036
vn -0.000009 -1 -0.000002
vn -1 0.000008 0.000037
vn -1 0.000014 0.000033
vn -1 0.000003 0.00004
vn -1 0.000043 0.000039
vn 1 -0.000038 -0.000038
vn 0 0.707127 -0.707087
vn 0.000003 1 -0.000016
vn -1 -0.000001 0.000043
vn 1 -0.00001 -0.000042
vn -1 0.000001 0.000003
vn -0.951062 0 -0.308999
vn -0.951062 0 -0.309001
vn -0.809021 0 -0.58778
vn -0.809023 0 -0.587776
vn -1 -0.000025 -0.000012
vn -0.587774 0 -0.809025
vn -1 0.000001 0
vn -0.587775 0 -0.809024
vn -0.309022 0 -0.951055
vn 0 -1 0.000008
vn -0.000009 -1 0.000025
vn -0.000003 -1 0.000031
vn 0.000009 -1 0.000013
vn 0.000005 -1 0.000016
vn -0.000001 -1 0
vn -0.000122 1 -0.000062
vn 0.000194 -1 0.000031
vn 0.000091 -1 0.000047
vn 0.000033 -1 0.000078
vn -0.000083 1 -0.000083
vn 0.000036 -1 0.000072
vn 0.000051 -1 -0.000285
vn 0.000024 -1 0.000153
vn 0.000036 -1 -0.000042
vn -0.00004 1 -0.000255
vn -0.000046 1 -0.000167
vn -0.000043 1 -0.000214
vn -0.000062 1 -0.000122
vn -0.587762 0.000028 -0.809034
vn -0.809027 0 -0.587772
vn -0.308989 0.00006 -0.951066
vn -0.308975 0.00006 -0.95107
vn -0.568505 0.711473 -0.413048
vn -0.413023 0.711471 -0.568525
vn -0.413027 0.711471 -0.568522
vn -0.217148 0.711454 -0.668341
vn -0.217153 0.711454 -0.668339
vn -0.568507 0.711473 -0.413046
vn -1 0.000001 -0.000003
vn -0.951057 0 -0.309014
vn -0.951058 0 -0.309012
vn -0.668326 0.71147 -0.217141
vn -0.702714 0.711473 -0.000001
vn -0.702713 0.711473 -0.000001
vn -0.000431 1 -0.000012
vn -0.668328 0.71147 -0.217138
vn -0.707184 0.70703 -0.000032
vn -1 0.000001 -0.000001
vn 0.000001 1 0
vn 0.000052 -1 -0.000333
vn 0.000008 0 -1
vn 0.309023 0 -0.951055
vn 0.309019 0 -0.951056
vn 0.58775 0 -0.809043
vn 0.587747 0 -0.809045
vn 0 1 -0.000031
vn 0.000004 -1 0.000015
vn 0.000001 -1 0.000019
vn 0.000002 -1 0.000014
vn 0.000005 -1 0.000019
vn -0.000001 -1 0.000016
vn -0.000047 1 -0.00016
vn -0.000036 0.707165 -0.707049
vn 0 -0.000068 -1
vn 0.217152 0.711459 -0.668334
vn 0.000002 0.711453 -0.702733
vn -0.000005 0.000068 -1
vn 0.308997 0.000067 -0.951063
vn 0.308989 0.000067 -0.951066
vn 0.217148 0.711459 -0.668336
vn 0.000002 0.000068 -1
vn -0.000024 1 0.000156
vn 0.587785 0.000031 -0.809017
vn 0.413032 0.711472 -0.568517
vn 0.413028 0.711472 -0.56852
vn -0.951055 -0.000011 0.309022
vn -0.809018 -0.00002 0.587784
vn -0.80902 -0.00002 0.587782
vn -0.951054 -0.000011 0.309024
vn -0.000049 -1 0.000046
vn -0.000072 -1 0.000037
vn -0.587794 -0.000009 0.809011
vn -0.000001 -1 0.000075
vn -0.587796 -0.000009 0.809009
vn -0.309032 0 0.951052
vn -0.00002 -1 0.000039
vn 0.000017 -1 0.00005
vn -0.000014 -1 0.000083
vn -1 -0.000024 0.000012
vn -1 -0.000017 -0.000001
vn -0.668325 0.711471 0.217142
vn -0.951052 0.000001 0.309031
vn 0.000023 1 -0.000044
vn -0.668322 0.711471 0.217149
vn -0.809019 0 0.587782
vn 0.000199 1 -0.000032
vn -0.568506 0.71147 0.413052
vn -0.568504 0.71147 0.413054
vn -0.413036 0.711476 0.56851
vn -0.587784 0 0.809018
vn -0.587782 0 0.809019
vn 0.000096 1 -0.000048
vn 0.000065 1 -0.000065
vn -0.000032 0.000178 -1
vn -0.000095 0.000311 -1
vn -0.000001 0.000113 -1
vn 0.000016 1 -0.000155
vn 0.000021 1 -0.000128
vn -0.413038 0.711476 0.568509
vn -0.217135 0.711472 0.668326
vn -0.217144 0.711472 0.668323
vn -0.308975 0 0.95107
vn -0.308978 0 0.951069
vn 0.568512 0.711464 0.413053
vn 0.413044 0.711479 0.568499
vn 0.413045 0.711479 0.568499
vn 0.000005 0 1
vn 0.000013 0.707203 0.70701
vn 0.000023 1 -0.000091
vn 0.309046 0 0.951047
vn -0.000022 -1 -0.000049
vn 0.000007 0.000096 -1
vn 0.217148 0.71148 0.668314
vn 0.000005 0.711467 0.702719
vn 0.000004 0.711467 0.702719
vn 0.309 0 0.951062
vn 0.21715 0.71148 0.668313
vn 0.587809 0 0.809
vn 0.587783 0 0.809019
vn -0.000018 -1 -0.000111
vn 0.000012 1 0.000071
vn 0.000001 1 -0.000051
vn 0.000001 0 -1
vn -0.000001 -1 0.000033
vn 0 1 -0.000041
vn 1 0 0
vn 0.809025 0 -0.587774
vn 0.809027 0 -0.587772
vn -0.000038 1 0.000075
vn -0.00005 1 0.000051
vn -0.000074 1 0.000038
vn 0.000093 -1 -0.000068
vn 0.000084 -1 -0.000084
vn 0.000157 -1 -0.000045
vn 0.80903 0 -0.587767
vn 0.568516 0.711462 -0.413051
vn 0.000222 -1 -0.000035
vn -0.000156 1 0.000025
vn 0.951072 -0.000001 -0.308971
vn 0.951071 -0.000001 -0.308974
vn 0.668333 0.711461 -0.217149
vn 0.702718 0.711469 -0.000002
vn 0.668332 0.711461 -0.217152
vn 0.951051 -0.000001 -0.309035
vn 1 -0.000001 -0.000004
vn 1 -0.000001 0
vn 1 -0.000001 0.000002
vn 0.000053 -1 -0.000317
vn 0.951064 0 0.308993
vn 0.951065 0 0.30899
vn 0.809023 0 0.587776
vn -0.000002 -0.000027 1
vn -0.000002 -0.000037 -1
vn -0.000137 1 0.000026
vn 0.66833 0.711465 0.217148
vn 0.668328 0.711464 0.217155
vn 0.951049 0 0.309041
vn 0.809024 0 0.587775
vn 0.706953 0.707261 0.000011
vn 0.000317 -1 -0.000029
vn -0.000053 -1 -0.000027
vn 0.000018 1 0.000034
vn -0.000036 -1 -0.000036
vn 0.000024 1 0.000023
vn 0.000034 1 0.000017
vn 0.000071 1 0.000011
vn -0.000282 -1 0.000009
vn -0.000003 1 -0.000002
vn 0.00004 0.000135 -1
vn 0.000001 1 -0.000012
vn 0 -1 0
vn -0.000009 -1 0
vn 0.000004 1 0.00001
vn -1 0.000006 0.000034
vn -1 0.000004 0.000035
vn 1 -0.000033 -0.000042
vn -1 0.000041 0.000035
vn 0 0.707129 -0.707084
vn 0.000004 1 0.000001
vn -0.000004 -0.92194 0.387333
vn 0.000004 0.000046 -1
vn 1 0.000001 -0.000038
vn 1 0.000016 -0.000033
vn 1 0.000035 -0.000026
vn -1 0.000009 0.000033
vn -1 0.00001 0.000032
vn 0 1 0
vn -1 -0.000005 0.000035
vn -1 -0.000013 0.000033
vn 1 -0.000043 -0.000021
vn 1 -0.000055 0
vn 1 -0.000046 -0.000026
vn 0.000004 0.707131 -0.707083
vn -1 0.000035 0.000038
vn 0.000011 1 0
vn 0.000007 1 0.000001
vn 1 -0.00005 -0.000036
vn 0.000002 1 0.000001
vn 1 -0.000049 -0.000035
vn -1 0.000001 0.000036
vn -1 0.000005 0.000037
vn -0.000005 0.000031 1
vn 0.000007 -0.000041 -1
vn -0.000027 -1 -0.000052
vn 1 0.000012 0.000006
vn -1 0 -0.000021
vn 0.000008 1 -0.000037
vn -1 0.000174 0.000059
vn -0.707045 0.707168 0.00009
vn 0.000004 1 0.000074
vn -0.000003 1 0.000048
vn -0.000006 1 0.000054
vn -0.000001 1 0.000041
vn -0.000004 1 0.000063
vn 0.000011 1 0.000086
vn 1 -0.000196 -0.000022
vn -0.000001 -1 -0.000055
vn 0 0.000001 -1
vn -1 -0.000006 0.000003
vn 0.000004 -1 0.000018
vn 0.000001 -1 0.000026
vn 0.000003 -1 0.000026
vn 0.000005 1 -0.000033
vn 0.000005 1 -0.000038
vn 0.000017 1 -0.000025
vn -0.797468 0.16876 -0.579279
vn -0.57939 0.168776 -0.797385
vn -0.579389 0.168776 -0.797385
vn -0.797465 0.16876 -0.579284
vn 0.000005 1 -0.000008
vn -0.304548 0.168762 -0.937427
vn -0.000008 -0.00013 1
vn -0.000019 -0.000233 1
vn -0.000011 -0.000164 1
vn -0.30455 0.168762 -0.937427
vn 0.000055 1 -0.000045
vn -0.000071 1 -0.000026
vn 0.000039 1 -0.000035
vn -0.98565 0.168805 0.000018
vn -0.937387 0.168772 -0.304667
vn -0.937387 0.168772 -0.304666
vn -0.98565 0.168805 0.000016
vn 0.580122 0.168405 -0.79693
vn 0.305233 0.16846 -0.937259
vn 0.305263 0.16846 -0.937249
vn 0.579712 0.168427 -0.797224
vn -0.000013 0.168743 -0.98566
vn -0.000002 0.168743 -0.98566
vn -0.000002 1 -0.000046
vn -0.000005 1 -0.000048
vn 0.000012 1 -0.000033
vn -0.93738 0.16876 0.304694
vn -0.937385 0.16876 0.30468
vn 0.000026 1 -0.000062
vn -0.797446 0.168718 0.579323
vn -0.797449 0.168718 0.579318
vn -0.579413 0.168716 0.79738
vn -0.304619 0.168736 0.937409
vn 0.000004 1 -0.00001
vn 0.000012 1 -0.000018
vn -0.579394 0.168716 0.797395
vn -0.000002 1 -0.000047
vn 0.000071 1 -0.000034
vn 0.000053 1 -0.000044
vn -0.000005 1 -0.000113
vn 0.30458 0.168715 0.937425
vn 0.579372 0.168709 0.797411
vn 0.579415 0.168676 0.797387
vn 0.304588 0.168715 0.937423
vn -0.000002 0.168743 0.98566
vn -0.000013 0.168743 0.98566
vn 0.000024 1 -0.000005
vn 0.000004 1 -0.000047
vn 0.000001 0.000008 -1
vn 0.697228 0.166699 -0.697197
vn 0.697014 0.166708 -0.697409
vn 0.797432 0.168767 -0.579327
vn 0.937422 0.168719 -0.304588
vn 0.937417 0.168719 -0.304605
vn 0.797413 0.168767 -0.579354
vn -0.000007 -0.000121 1
vn 0.883766 -0.46793 0.000003
vn 0.937422 0.168705 0.304597
vn 0.985668 0.168699 0.000008
vn 0.985668 0.168699 0.000015
vn 0.797421 0.168679 0.579367
vn 0.937416 0.168705 0.304616
vn 0.697192 0.166727 0.697227
vn 0.69733 0.166642 0.697109
vn 0.797416 0.168679 0.579375
vn 0.000002 -1 0.000003
vn 1 -0.000155 -0.000092
vn 1 -0.000175 -0.000078
vn 0.000031 0.000025 1
vn 1 -0.000177 -0.000077
vn 1 -0.0002 -0.000069
vn -1 -0.000013 0.000006
vn 0.000009 1 0.000083
vn -0.000031 -0.000025 -1
vn 1 -0.0002 -0.000068
vn 1 -0.000204 -0.000074
vn 0.000007 1 0.000058
vn -0.000009 -1 -0.000048
vn -0.000014 -1 -0.000057
vn -0.000012 -1 -0.000065
vn -0.000004 -1 -0.000085
vn 1 0.000259 0.000017
vn -0.000006 -1 -0.000041
vn -0.000003 0 1
vn 0 0.000031 1
vn 0.000004 -1 0.000036
vn 0.000001 -1 0.000034
vn 0.000003 0 -1
vn 0.382668 0.923886 -0.000047
vn -0.000001 1 -0.000088
vn 0.000002 1 -0.000063
vn -0.000003 1 -0.000042
vn 0.382634 0.9239 -0.000048
vn 0.000003 1 -0.000028
vn -0.000001 1 -0.000025
vn -0.000002 1 0.000002
vn -0.000001 1 0.00003
vn -0.000002 1 0.000083
vn -0.000002 1 -0.000072
vn -0.000003 1 -0.000075
vn 0.000003 1 -0.00005
vn 0.000001 1 -0.00009
vn -0.000028 -0.000061 1
vn 0.000002 0.000008 -1
vn 0.000006 -1 -0.000001
vn 0.000003 -1 0
vn -0.000038 0 1
vn -0.000022 -0.000017 1
vn -0.000008 -0.000039 1
vn -1 -0.000033 -0.000023
vn -1 -0.000041 -0.000031
vn -1 -0.000044 -0.000031
vn 1 -0.000001 0.000043
vn 1 -0.000003 0.00004
vn 1 -0.000008 0.000037
vn -0.000002 1 -0.000023
vn -0.000004 1 0.000001
vn -0.000003 1 0.000001
vn 0.000007 0 1
vn -0.000013 1 0.000003
vn -0.000002 1 0.000001
vn -0.000003 -0.000018 1
vn 0.000007 -1 0
vn 0.000004 -1 0
vn -0.000001 0.921934 -0.387347
vn 0.000007 -0.000037 1
vn 1 0.000041 0.000033
vn -0.000001 1 -0.000017
vn 1 -0.000013 0.000033
vn -1 -0.000026 -0.000019
vn 0 -0.000044 1
vn -1 -0.000036 0
vn 0 -0.707115 0.707098
vn 0.000001 -1 0.000017
vn 0.000002 -1 0.000023
vn 0.000001 -1 0.000036
vn 0.000002 -1 0.000058
vn -0.000024 1 -0.000029
vn -0.000023 1 -0.000026
vn 1 0.00001 0.000042
vn 1 0.000001 0.00004
vn -1 -0.000008 -0.000037
vn -1 -0.000003 -0.00004
vn -1 0.000001 -0.000043
vn -0.000009 1 0.000002
vn 1 -0.000013 0.000036
vn -0.000003 -0.000016 1
vn 1 0.000038 0.000038
vn 0 -0.707127 0.707087
vn -1 -0.000043 -0.000039
vn -1 -0.000014 -0.000033
vn -0.000021 1 -0.000007
vn 1 -0.000029 0.000031
vn 0.000003 -1 0.000033
vn 0.000003 -1 0.000016
vn 0.000003 -1 -0.000101
vn 0.000008 -1 -0.00008
vn 0.000055 -0.000025 -1
vn -0.000012 0 1
vn 0.000031 -0.000025 1
vn 1 0.000226 0.000072
vn 1 0.000214 0.000081
vn 1 0.000213 0.000082
vn 1 0.000226 0.000073
vn -0.000009 1 -0.000083
vn 1 0.00023 0.000074
vn -0.000011 1 -0.000086
vn -0.000004 1 -0.000074
vn -1 -0.0002 0.000069
vn -1 -0.000204 0.000074
vn -1 -0.0002 0.000068
vn 1 0.000205 0.000092
vn -1 -0.000177 0.000077
vn -1 -0.000175 0.000078
vn -1 -0.000155 0.000092
vn 0.000003 1 -0.000048
vn 0.000001 1 -0.000041
vn -0.000031 0.000025 -1
vn 0.999862 -0.016621 0.000012
vn 0.000003 -1 0.000034
vn 0.70706 0.707154 -0.00002
vn 0.000003 1 -0.000029
vn -0.000006 1 -0.00003
vn -0.000006 1 -0.000046
vn -0.707138 0.707076 0.000008
vn -0.707138 0.707075 0.000008
vn -1 -0.000146 -0.000029
vn 0.000008 -0.00013 -1
vn 0.000011 -0.000164 -1
vn 0.000007 -0.000121 -1
vn 0.000004 1 -0.000063
vn -1 -0.000196 0.000022
vn 0.000001 -1 0.000055
vn 0.000006 1 -0.000054
vn 1 0.000174 -0.000059
vn 0.707045 0.707168 -0.00009
vn 0.000019 -0.000233 -1
vn 0.000003 -0.000037 -1
vn 0.000001 -0.000013 -1
vn -0.000007 0.000096 1
vn 0.000032 0.000178 1
vn 0.000001 0.000113 1
vn -0.000007 1 -0.000031
vn 0.000001 1 0.000071
vn -0.000007 1 -0.000045
vn -0.883695 -0.468063 0.000015
vn 1 0.000006 0.000003
vn 0.000095 0.000311 1
vn 1 0.000061 0
vn 0.000004 -1 -0.000001
vn 0.000004 -0.000046 1
vn -0.000004 0.92194 -0.387333
vn 0 -1 -0.000001
vn 1 -0.000001 0.000038
vn 1 -0.000016 0.000033
vn -1 -0.000006 -0.000034
vn -1 -0.000009 -0.000033
vn -1 -0.00001 -0.000032
vn 0.000004 -1 -0.00001
vn -0.000009 1 0
vn 0.000001 -1 0.000012
vn 0 -0.707129 0.707084
vn -1 -0.000041 -0.000035
vn 1 0.000033 0.000042
vn 1 -0.000035 0.000026
vn -1 -0.000004 -0.000035
vn 0.000002 -1 -0.000001
vn 0.000007 -1 -0.000001
vn 1 0.00005 0.000036
vn 1 0.000049 0.000035
vn -1 -0.000005 -0.000037
vn -1 0.000005 -0.000035
vn -1 -0.000001 -0.000036
vn 1 0.000046 0.000026
vn 0.000011 -1 0
vn 0.000004 -0.707131 0.707083
vn -1 -0.000035 -0.000038
vn 1 0.000043 0.000021
vn 1 0.000055 0
vn -1 0.000013 -0.000033

s 1
f 1/1/1 2/2/2 3/3/3
s 2
f 3/4/4 4/5/4 5/6/4
s 3
f 4/7/5 6/8/5 7/9/5
s 4
f 7/9/5 5/10/5 4/7/5
s 5
f 3/11/6 2/12/6 6/13/6
s 6
f 1/14/7 8/15/8 2/16/9
s 7
f 6/13/6 4/17/6 3/11/6
s 8
f 9/18/10 10/19/11 11/20/11
s 9
f 12/21/12 8/22/13 10/23/14
s 10
f 13/24/4 3/4/4 5/6/4
s 11
f 5/6/4 14/25/4 13/24/4
s 12
f 8/15/8 12/26/15 2/16/9
s 13
f 11/20/11 15/27/16 9/18/10
s 14
f 10/28/17 16/29/17 17/30/17
s 15
f 18/31/18 19/32/18 8/33/18
s 16
f 8/33/18 1/34/18 18/31/18
s 17
f 8/22/13 19/35/19 16/36/20
s 18
f 20/37/21 18/38/22 1/1/1
s 19
f 1/1/1 3/3/3 20/37/21
s 20
f 17/30/17 11/39/17 10/28/17
s 21
f 16/36/20 10/23/14 8/22/13
s 22
f 17/40/23 21/41/23 15/42/23
s 23
f 15/42/23 11/43/23 17/40/23
s 24
f 20/37/21 3/3/3 13/44/2
s 25
f 13/44/2 22/45/2 20/37/21
s 26
f 23/46/24 24/47/24 9/18/10
s 27
f 9/18/10 15/27/16 23/46/24
s 28
f 10/23/14 9/48/25 12/21/12
s 29
f 2/16/9 12/26/15 25/49/26
s 30
f 5/50/2 7/51/2 25/52/27
s 31
f 25/49/26 7/53/26 6/54/26
s 32
f 25/52/27 14/55/28 5/50/2
s 33
f 6/54/26 2/16/9 25/49/26
s 34
f 13/56/29 14/57/29 26/58/29
s 35
f 23/59/30 27/60/30 28/61/30
s 36
f 28/61/30 24/62/30 23/59/30
s 37
f 26/58/29 22/63/29 13/56/29
s 38
f 27/64/17 23/65/17 15/66/17
s 39
f 15/66/17 21/67/17 27/64/17
s 40
f 29/68/31 9/69/31 24/70/31
s 41
f 24/70/31 28/71/31 29/68/31
s 42
f 30/72/32 26/73/33 14/55/28
s 43
f 29/74/34 31/75/35 12/21/12
s 44
f 12/21/12 9/48/25 29/74/34
s 45
f 14/55/28 25/52/27 30/72/32
s 46
f 25/76/36 12/77/36 31/78/36
s 47
f 31/78/36 30/79/36 25/76/36
s 48
f 18/38/22 20/37/21 32/80/37
s 49
f 32/81/38 20/82/38 33/83/38
s 50
f 16/36/20 19/35/19 34/84/39
s 51
f 35/85/40 34/86/41 36/87/41
s 52
f 29/74/34 16/36/20 34/84/39
s 53
f 36/87/41 37/88/42 35/85/40
s 54
f 33/83/38 38/89/38 32/81/38
s 55
f 34/84/39 35/90/43 29/74/34
s 56
f 21/91/44 17/92/45 16/93/45
s 57
f 16/93/45 29/94/46 21/91/44
s 58
f 39/95/2 40/96/2 26/73/33
s 59
f 33/97/47 20/98/47 26/99/47
s 60
f 26/99/47 40/100/47 33/97/47
s 61
f 26/73/33 41/101/2 39/95/2
s 62
f 39/102/48 41/103/48 42/104/48
s 63
f 42/104/48 32/105/48 39/102/48
s 64
f 40/106/49 39/107/49 38/108/49
s 65
f 38/108/49 33/109/49 40/106/49
s 66
f 32/105/48 38/110/48 39/102/48
s 67
f 20/98/47 22/111/47 26/99/47
s 68
f 18/38/22 32/80/37 43/112/50
s 69
f 41/101/2 26/73/33 30/72/32
s 70
f 44/113/33 41/101/2 30/72/32
s 71
f 21/91/44 29/94/46 28/114/51
s 72
f 45/115/52 46/116/52 35/85/40
s 73
f 28/114/51 27/117/51 21/91/44
s 74
f 31/75/35 35/90/43 47/118/23
s 75
f 31/75/35 29/74/34 35/90/43
s 76
f 35/85/40 37/88/42 45/115/52
s 77
f 48/119/53 49/120/54 50/121/55
s 78
f 51/122/56 50/121/55 49/120/54
s 79
f 49/120/54 52/123/57 51/122/56
s 80
f 53/124/58 54/125/58 55/126/58
s 81
f 55/126/58 56/127/58 53/124/58
s 82
f 57/128/58 58/129/58 59/130/58
s 83
f 60/131/59 51/122/56 52/123/57
s 84
f 50/121/55 61/132/60 48/119/53
s 85
f 52/123/57 62/133/61 60/131/59
s 86
f 59/130/58 53/134/58 57/128/58
s 87
f 63/135/62 60/131/59 62/133/61
s 88
f 64/136/63 50/137/64 51/138/65
s 89
f 64/136/63 51/138/65 60/139/66
s 90
f 62/133/61 65/140/62 63/135/62
s 91
f 64/136/63 60/139/66 63/141/67
s 92
f 64/136/63 61/142/68 50/137/64
s 93
f 66/143/69 67/144/69 68/145/69
s 94
f 69/146/70 49/147/70 48/148/70
s 95
f 69/146/71 52/149/71 49/147/71
s 96
f 69/146/72 62/150/72 52/149/72
s 97
f 67/144/69 70/151/73 68/145/69
s 98
f 69/146/72 65/152/74 62/150/72
s 99
f 71/153/75 65/152/76 69/146/77
s 100
f 72/154/78 73/155/79 68/145/80
s 101
f 70/151/81 72/154/81 68/145/81
s 102
f 70/156/82 67/157/83 74/158/83
s 103
f 75/159/82 76/160/84 72/161/85
s 104
f 74/158/83 75/159/82 70/156/82
s 105
f 72/161/85 70/156/82 75/159/82
s 106
f 77/162/86 78/163/87 75/164/88
s 107
f 76/165/89 75/164/88 78/163/87
s 108
f 78/163/87 79/166/90 76/165/89
s 109
f 75/164/88 74/167/91 77/162/86
s 110
f 80/168/92 81/169/93 66/170/94
s 111
f 81/171/95 80/172/96 82/173/97
s 112
f 83/174/98 66/143/98 68/145/98
s 113
f 82/173/97 84/175/99 81/171/95
s 114
f 85/176/100 68/177/100 86/178/100
s 115
f 74/167/91 81/171/95 84/175/99
s 116
f 66/170/94 83/179/101 80/168/92
s 117
f 81/169/93 74/158/83 67/157/83
s 118
f 67/157/83 66/170/94 81/169/93
s 119
f 78/180/102 77/181/102 87/182/102
s 120
f 77/181/102 84/183/102 87/182/102
s 121
f 84/175/99 77/162/86 74/167/91
s 122
f 84/183/102 82/184/102 87/182/102
s 123
f 88/185/103 71/153/75 89/186/103
s 124
f 71/187/104 88/188/105 90/189/106
s 125
f 71/153/75 69/146/77 89/186/103
s 126
f 90/189/106 91/190/104 71/187/104
s 127
f 65/140/62 71/187/104 91/190/104
s 128
f 88/188/105 92/191/107 93/192/108
s 129
f 91/190/104 63/135/62 65/140/62
s 130
f 93/192/108 90/189/106 88/188/105
s 131
f 94/193/109 95/194/109 53/195/109
s 132
f 96/196/109 97/197/109 59/198/109
s 133
f 53/195/109 56/199/109 94/193/109
s 134
f 64/136/63 98/200/110 99/201/68
s 135
f 64/136/63 100/202/111 98/200/110
s 136
f 64/136/63 93/203/112 100/202/111
s 137
f 64/136/63 90/204/113 93/203/112
s 138
f 64/136/63 63/141/67 91/205/114
s 139
f 59/198/109 58/206/109 96/196/109
s 140
f 64/136/63 91/205/114 90/204/113
s 141
f 73/155/79 101/207/115 68/145/80
s 142
f 68/208/116 101/209/116 102/210/116
s 143
f 102/210/116 86/211/116 68/208/116
s 144
f 102/212/117 89/213/117 69/214/117
s 145
f 69/214/117 86/215/117 102/212/117
s 146
f 103/216/118 104/217/119 105/218/119
s 147
f 104/219/120 103/220/121 106/221/122
s 148
f 105/218/119 107/222/123 103/216/118
s 149
f 73/223/124 72/161/85 76/160/84
s 150
f 104/217/119 76/165/89 79/166/90
s 151
f 79/166/90 105/218/119 104/217/119
s 152
f 76/160/84 104/219/120 73/223/124
s 153
f 106/221/122 73/223/124 104/219/120
s 154
f 101/207/125 73/155/125 106/224/125
s 155
f 103/220/121 108/225/126 109/226/126
s 156
f 109/226/126 106/221/122 103/220/121
s 157
f 108/227/127 103/216/118 107/222/123
s 158
f 107/222/123 110/228/128 108/227/127
s 159
f 105/229/102 79/230/102 87/182/102
s 160
f 107/231/102 105/229/102 87/182/102
s 161
f 79/230/102 78/180/102 87/182/102
s 162
f 110/232/102 107/231/102 87/182/102
s 163
f 111/233/102 110/232/102 87/182/102
s 164
f 112/234/102 111/233/102 87/182/102
s 165
f 113/235/102 112/234/102 87/182/102
s 166
f 114/236/129 115/237/130 116/238/131
s 167
f 116/238/131 117/239/132 114/236/129
s 168
f 61/132/60 114/236/129 117/239/132
s 169
f 117/239/132 48/119/53 61/132/60
s 170
f 64/136/63 118/240/68 119/241/68
s 171
f 69/146/133 48/148/133 120/242/133
s 172
f 64/136/63 114/243/68 61/142/68
s 173
f 64/136/63 115/244/68 114/243/68
s 174
f 64/136/63 119/241/68 115/244/68
s 175
f 117/245/134 116/246/134 120/242/134
s 176
f 121/247/135 116/238/131 115/237/130
s 177
f 116/246/136 121/248/136 120/242/136
s 178
f 119/249/137 118/250/138 122/251/138
s 179
f 121/248/139 122/252/139 120/242/139
s 180
f 48/148/140 117/245/140 120/242/140
s 181
f 122/252/141 123/253/141 120/242/136
s 182
f 115/237/130 119/254/137 121/247/135
s 183
f 124/255/142 125/256/142 126/257/142
s 184
f 122/251/138 121/258/135 119/249/137
s 185
f 120/259/143 127/260/143 86/261/143
s 186
f 128/262/144 82/173/97 80/172/96
s 187
f 129/263/145 80/168/92 83/179/101
s 188
f 86/261/143 69/264/143 120/259/143
s 189
f 85/265/146 83/174/146 68/145/69
s 190
f 83/179/101 130/266/145 129/263/145
s 191
f 80/172/96 129/267/147 128/262/144
s 192
f 86/178/100 127/268/100 85/176/100
s 193
f 130/266/145 131/269/148 132/270/148
s 194
f 85/265/149 130/271/149 83/174/149
s 195
f 129/267/147 132/272/150 133/273/151
s 196
f 133/273/151 128/262/144 129/267/147
s 197
f 132/270/148 129/263/145 130/266/145
s 198
f 82/184/102 128/274/102 87/182/102
s 199
f 134/275/152 133/273/151 132/272/150
s 200
f 128/274/102 133/276/102 87/182/102
s 201
f 133/276/102 134/277/102 87/182/102
s 202
f 131/278/148 135/279/153 136/280/154
s 203
f 85/265/155 131/281/155 130/271/155
s 204
f 85/265/155 135/282/156 131/281/155
s 205
f 137/283/157 138/284/158 139/285/159
s 206
f 136/280/154 132/286/148 131/278/148
s 207
f 85/265/160 140/287/160 135/282/160
s 208
f 85/265/161 141/288/161 140/287/161
s 209
f 136/289/162 142/290/163 143/291/164
s 210
f 143/291/164 134/275/152 136/289/162
s 211
f 132/272/150 136/289/162 134/275/152
s 212
f 142/292/165 136/280/154 135/279/153
s 213
f 135/279/153 140/293/166 142/292/165
s 214
f 64/136/63 144/294/68 145/295/68
s 215
f 64/136/63 146/296/68 147/297/68
s 216
f 64/136/63 145/295/68 118/240/68
s 217
f 64/136/63 99/201/68 146/296/68
s 218
f 64/136/63 148/298/68 144/294/68
s 219
f 64/136/63 147/297/68 148/298/68
s 220
f 149/299/102 150/300/102 87/182/102
s 221
f 150/300/102 151/301/102 87/182/102
s 222
f 151/301/102 152/302/102 87/182/102
s 223
f 152/302/102 153/303/102 87/182/102
s 224
f 153/303/102 113/235/102 87/182/102
s 225
f 152/304/167 151/305/168 154/306/169
s 226
f 143/307/102 149/299/102 87/182/102
s 227
f 134/277/102 143/307/102 87/182/102
s 228
f 118/250/138 145/308/170 123/309/170
s 229
f 127/310/171 155/311/171 156/312/171
s 230
f 85/265/161 156/313/172 141/288/161
s 231
f 123/309/170 122/251/138 118/250/138
s 232
f 145/308/170 144/314/173 157/315/173
s 233
f 123/253/174 158/316/174 120/242/139
s 234
f 156/312/171 85/317/171 127/310/171
s 235
f 157/315/173 123/309/170 145/308/170
s 236
f 159/318/175 137/283/157 139/285/159
s 237
f 160/319/17 142/292/165 140/293/166
s 238
f 140/293/166 141/320/17 160/319/17
s 239
f 150/321/176 149/322/177 160/323/178
s 240
f 142/290/163 160/323/178 149/322/177
s 241
f 161/324/179 160/319/17 141/320/17
s 242
f 141/320/17 162/325/179 161/324/179
s 243
f 149/322/177 143/291/164 142/290/163
s 244
f 160/323/178 161/326/180 150/321/176
s 245
f 154/327/181 161/324/179 162/325/179
s 246
f 162/325/179 163/328/181 154/327/181
s 247
f 151/305/168 150/321/176 161/326/180
s 248
f 164/329/182 157/315/173 144/314/173
s 249
f 144/314/173 148/330/182 164/329/182
s 250
f 161/326/180 154/306/169 151/305/168
s 251
f 123/253/174 157/331/183 158/316/174
s 252
f 156/313/184 162/332/184 141/288/184
s 253
f 165/333/185 53/195/109 95/194/109
s 254
f 165/334/186 166/335/186 54/336/186
s 255
f 167/337/186 168/338/186 53/339/186
s 256
f 53/339/186 59/340/186 167/337/186
s 257
f 54/336/186 53/341/186 165/334/186
s 258
f 169/342/187 57/343/187 53/344/187
s 259
f 170/345/187 55/346/187 54/347/187
s 260
f 54/347/187 166/348/187 170/345/187
s 261
f 171/349/188 94/193/109 56/199/109
s 262
f 56/199/109 172/350/188 171/349/188
s 263
f 53/344/187 168/351/187 169/342/187
s 264
f 173/352/189 174/353/189 95/354/189
s 265
f 95/354/189 94/355/189 173/352/189
s 266
f 100/356/190 93/192/108 92/191/107
s 267
f 92/191/107 175/357/191 100/356/190
s 268
f 101/207/192 106/224/192 109/358/192
s 269
f 101/207/192 109/358/192 176/359/193
s 270
f 101/207/194 176/359/194 177/360/194
s 271
f 92/361/195 88/185/195 89/186/195
s 272
f 175/362/196 92/361/195 89/186/195
s 273
f 178/363/197 175/362/197 89/186/197
s 274
f 108/225/126 179/364/198 176/365/198
s 275
f 176/365/198 109/226/126 108/225/126
s 276
f 179/366/199 108/227/127 110/228/128
s 277
f 180/367/72 181/368/72 182/369/72
s 278
f 183/370/98 184/371/98 185/372/98
s 279
f 184/371/69 186/373/69 185/372/69
s 280
f 180/367/71 182/369/71 187/374/71
s 281
f 188/375/200 178/363/200 89/186/200
s 282
f 180/367/70 187/374/70 189/376/70
s 283
f 101/207/201 177/360/201 190/377/201
s 284
f 175/357/191 178/378/202 98/379/203
s 285
f 98/379/203 100/356/190 175/357/191
s 286
f 112/380/204 113/381/205 191/382/205
s 287
f 192/383/206 179/366/199 111/384/199
s 288
f 192/385/207 191/386/208 190/387/208
s 289
f 190/387/208 177/388/207 192/385/207
s 290
f 110/228/128 111/384/199 179/366/199
s 291
f 179/364/198 192/385/207 177/388/207
s 292
f 177/388/207 176/365/198 179/364/198
s 293
f 111/384/199 112/380/204 192/383/206
s 294
f 191/382/205 192/383/206 112/380/204
s 295
f 99/389/209 98/379/203 178/378/202
s 296
f 193/390/55 194/391/60 189/392/53
s 297
f 195/393/100 185/394/100 196/395/100
s 298
f 178/378/202 188/396/210 99/389/209
s 299
f 187/397/54 182/398/57 197/399/56
s 300
f 197/399/56 193/390/55 187/397/54
s 301
f 189/392/53 187/397/54 193/390/55
s 302
f 198/400/92 199/401/93 184/402/94
s 303
f 186/403/83 184/402/94 199/401/93
s 304
f 199/401/93 200/404/83 186/403/83
s 305
f 184/402/94 183/405/101 198/400/92
s 306
f 199/406/95 198/407/96 201/408/97
s 307
f 202/409/75 203/410/76 180/367/77
s 308
f 180/367/72 203/410/74 181/368/72
s 309
f 182/398/57 181/411/61 204/412/59
s 310
f 204/412/59 197/399/56 182/398/57
s 311
f 186/373/69 205/413/73 185/372/69
s 312
f 181/411/61 203/414/62 206/415/62
s 313
f 206/415/62 204/412/59 181/411/61
s 314
f 207/416/78 208/417/79 185/372/80
s 315
f 205/413/81 207/416/81 185/372/81
s 316
f 209/418/89 210/419/88 211/420/87
s 317
f 200/404/83 210/421/82 205/422/82
s 318
f 205/422/82 186/403/83 200/404/83
s 319
f 210/421/82 209/423/84 207/424/85
s 320
f 207/424/85 205/422/82 210/421/82
s 321
f 203/414/62 202/425/104 212/426/104
s 322
f 213/427/116 196/428/116 185/429/116
s 323
f 167/430/185 59/198/109 97/197/109
s 324
f 212/426/104 206/415/62 203/414/62
s 325
f 208/417/79 214/431/115 185/372/80
s 326
f 202/409/75 180/367/77 215/432/211
s 327
f 180/433/117 196/434/117 213/435/117
s 328
f 213/435/117 215/436/117 180/433/117
s 329
f 209/423/84 216/437/120 208/438/124
s 330
f 211/420/87 217/439/90 209/418/89
s 331
f 217/439/90 218/440/119 216/441/119
s 332
f 216/441/119 209/418/89 217/439/90
s 333
f 208/438/124 207/424/85 209/423/84
s 334
f 97/442/189 96/443/189 219/444/189
s 335
f 219/444/189 220/445/189 97/442/189
s 336
f 221/446/63 194/447/68 193/448/64
s 337
f 221/446/63 206/449/67 212/450/114
s 338
f 221/446/63 204/451/66 206/449/67
s 339
f 221/446/63 193/448/64 197/452/65
s 340
f 221/446/63 197/452/65 204/451/66
s 341
f 222/453/188 96/196/109 58/206/109
s 342
f 58/206/109 223/454/188 222/453/188
s 343
f 224/455/86 211/420/87 210/419/88
s 344
f 210/419/88 200/456/91 224/455/86
s 345
f 211/457/102 224/458/102 225/459/102
s 346
f 217/460/102 211/457/102 225/459/102
s 347
f 226/461/102 201/462/102 225/459/102
s 348
f 224/458/102 226/461/102 225/459/102
s 349
f 218/463/102 217/460/102 225/459/102
s 350
f 226/464/99 224/455/86 200/456/91
s 351
f 200/456/91 199/406/95 226/464/99
s 352
f 201/408/97 226/464/99 199/406/95
s 353
f 188/396/210 227/465/212 146/466/213
s 354
f 146/466/213 99/389/209 188/396/210
s 355
f 227/465/212 228/467/214 147/468/214
s 356
f 194/391/60 229/469/129 230/470/132
s 357
f 230/470/132 189/392/53 194/391/60
s 358
f 229/469/129 231/471/130 232/472/131
s 359
f 232/472/131 230/470/132 229/469/129
s 360
f 148/330/182 147/468/214 228/467/214
s 361
f 228/467/214 164/329/182 148/330/182
s 362
f 147/468/214 146/466/213 227/465/212
s 363
f 169/473/215 223/474/215 58/475/215
s 364
f 58/475/215 57/476/215 169/473/215
s 365
f 170/477/215 172/478/215 56/479/215
s 366
f 221/446/63 233/480/68 234/481/68
s 367
f 56/479/215 55/482/215 170/477/215
s 368
f 221/446/63 234/481/68 231/483/68
s 369
f 126/484/216 125/485/216 235/486/216
s 370
f 221/446/63 231/483/68 229/487/68
s 371
f 235/486/216 236/488/216 126/484/216
s 372
f 221/446/63 229/487/68 194/447/68
s 373
f 233/489/138 237/490/170 238/491/170
s 374
f 239/492/138 240/493/135 234/494/137
s 375
f 234/494/137 233/489/138 239/492/138
s 376
f 238/491/170 239/492/138 233/489/138
s 377
f 240/495/135 232/472/131 231/471/130
s 378
f 221/446/63 237/496/68 233/480/68
s 379
f 231/471/130 234/497/137 240/495/135
s 380
f 156/313/217 101/207/194 190/377/217
s 381
f 153/498/218 152/304/167 241/499/167
s 382
f 241/499/167 242/500/219 153/498/218
s 383
f 113/381/205 153/498/218 242/500/219
s 384
f 242/501/220 241/502/221 243/503/221
s 385
f 243/503/221 244/504/220 242/501/220
s 386
f 191/386/208 242/501/220 244/504/220
s 387
f 242/500/219 191/382/205 113/381/205
s 388
f 244/504/220 190/387/208 191/386/208
s 389
f 101/505/222 156/506/222 155/507/222
s 390
f 196/395/100 245/508/100 195/393/100
s 391
f 155/507/222 102/509/222 101/505/222
s 392
f 155/510/209 158/511/209 89/512/209
s 393
f 188/375/223 89/186/223 158/316/223
s 394
f 195/513/146 183/370/146 185/372/69
s 395
f 89/512/209 102/514/209 155/510/209
s 396
f 159/515/143 245/516/143 196/517/143
s 397
f 180/367/133 189/376/133 159/518/133
s 398
f 196/517/143 180/519/143 159/515/143
s 399
f 246/520/144 201/408/97 198/407/96
s 400
f 247/521/145 198/400/92 183/405/101
s 401
f 198/407/96 247/522/147 246/520/144
s 402
f 248/523/145 249/524/148 250/525/148
s 403
f 250/525/148 247/521/145 248/523/145
s 404
f 183/405/101 248/523/145 247/521/145
s 405
f 228/526/224 227/527/224 158/316/224
s 406
f 156/313/217 163/528/225 162/332/225
s 407
f 164/529/226 228/526/226 158/316/174
s 408
f 157/331/183 164/529/226 158/316/174
s 409
f 154/306/169 241/499/167 152/304/167
s 410
f 241/502/221 154/327/181 163/328/181
s 411
f 163/328/181 243/503/221 241/502/221
s 412
f 156/313/217 243/530/227 163/528/225
s 413
f 156/313/217 244/531/228 243/530/227
s 414
f 156/313/229 190/377/229 244/531/229
s 415
f 189/376/140 230/532/140 159/518/140
s 416
f 230/532/134 232/533/134 159/518/134
s 417
f 232/533/136 240/534/136 159/518/136
s 418
f 195/513/149 248/535/149 183/370/149
s 419
f 227/527/230 188/375/230 158/316/230
s 420
f 195/513/155 249/536/155 248/535/155
s 421
f 195/513/155 251/537/156 249/536/155
s 422
f 201/462/102 246/538/102 225/459/102
s 423
f 246/538/102 252/539/102 225/459/102
s 424
f 252/540/151 246/520/144 247/522/147
s 425
f 252/539/102 253/541/102 225/459/102
s 426
f 247/522/147 250/542/150 252/540/151
s 427
f 253/541/102 254/543/102 225/459/102
s 428
f 253/544/152 252/540/151 250/542/150
s 429
f 254/543/102 255/545/102 225/459/102
s 430
f 195/513/160 256/546/160 251/537/160
s 431
f 239/547/141 238/548/141 159/518/136
s 432
f 240/534/139 239/547/139 159/518/139
s 433
f 195/513/161 257/549/161 256/546/161
s 434
f 249/550/148 251/551/153 258/552/154
s 435
f 258/552/154 250/553/148 249/550/148
s 436
f 251/551/153 256/554/166 259/555/165
s 437
f 250/542/150 258/556/162 253/544/152
s 438
f 254/557/164 253/544/152 258/556/162
s 439
f 259/555/165 258/552/154 251/551/153
s 440
f 258/556/162 259/558/163 254/557/164
s 441
f 238/548/174 260/559/174 159/518/139
s 442
f 245/560/171 261/561/171 262/562/171
s 443
f 125/563/231 124/564/231 263/565/231
s 444
f 263/565/231 235/566/231 125/563/231
s 445
f 264/567/232 265/568/232 266/569/232
s 446
f 262/562/171 195/570/171 245/560/171
s 447
f 195/513/161 262/571/172 257/549/161
s 448
f 256/554/166 257/572/17 267/573/17
s 449
f 267/573/17 259/555/165 256/554/166
s 450
f 259/558/163 267/574/178 255/575/177
s 451
f 255/575/177 254/557/164 259/558/163
s 452
f 43/112/50 268/576/233 18/38/22
s 453
f 19/32/18 18/31/18 268/577/18
s 454
f 268/577/18 269/578/18 19/32/18
s 455
f 34/579/17 270/580/17 271/581/17
s 456
f 271/581/17 36/582/17 34/579/17
s 457
f 34/84/39 19/35/19 269/583/234
s 458
f 269/583/234 270/584/23 34/84/39
s 459
f 272/585/235 37/586/235 36/587/235
s 460
f 36/587/235 271/588/235 272/585/235
s 461
f 42/589/236 273/590/236 43/112/50
s 462
f 43/112/50 32/80/37 42/589/236
s 463
f 269/583/234 274/591/234 270/584/23
s 464
f 275/592/102 268/576/233 43/112/50
s 465
f 272/593/237 271/594/238 270/595/238
s 466
f 275/596/6 43/597/6 276/598/6
s 467
f 276/598/6 277/599/6 275/596/6
s 468
f 278/600/239 275/601/239 279/602/239
s 469
f 279/602/239 280/603/239 278/600/239
s 470
f 275/601/239 277/604/239 279/602/239
s 471
f 44/113/33 280/605/2 279/606/2
s 472
f 279/606/2 281/607/2 44/113/33
s 473
f 43/608/240 273/609/240 44/610/240
s 474
f 44/610/240 281/611/240 276/612/240
s 475
f 276/612/240 43/608/240 44/610/240
s 476
f 277/613/241 276/614/241 281/615/241
s 477
f 281/615/241 279/616/241 277/613/241
s 478
f 37/617/17 272/618/17 282/619/17
s 479
f 46/620/38 283/621/38 47/622/38
s 480
f 47/622/38 35/623/38 46/620/38
s 481
f 30/72/32 284/624/242 44/113/33
s 482
f 282/619/17 45/625/17 37/617/17
s 483
f 283/626/243 46/627/243 45/628/243
s 484
f 45/628/243 282/629/243 283/626/243
s 485
f 42/630/244 41/631/244 44/632/244
s 486
f 44/632/244 273/633/244 42/630/244
s 487
f 47/118/23 285/634/234 31/75/35
s 488
f 286/635/245 287/636/246 288/637/52
s 489
f 286/638/234 47/118/23 270/584/23
s 490
f 270/584/23 274/591/234 286/638/234
s 491
f 288/637/52 289/639/52 286/635/245
s 492
f 286/635/245 274/640/247 290/641/247
s 493
f 290/641/247 287/636/246 286/635/245
s 494
f 270/595/238 47/642/248 272/593/237
s 495
f 286/638/234 285/634/234 47/118/23
s 496
f 272/593/237 47/642/248 283/643/249
s 497
f 284/624/242 280/605/2 44/113/33
s 498
f 283/643/249 282/644/249 272/593/237
s 499
f 274/591/234 269/583/234 291/645/234
s 500
f 291/645/234 292/646/234 274/591/234
s 501
f 293/647/18 291/648/18 269/578/18
s 502
f 274/649/17 292/650/17 294/651/17
s 503
f 294/651/17 290/652/17 274/649/17
s 504
f 269/578/18 268/577/18 293/647/18
s 505
f 293/653/250 268/576/233 275/592/102
s 506
f 275/592/102 295/654/102 293/653/250
s 507
f 275/592/102 278/655/102 296/656/102
s 508
f 296/656/102 295/654/102 275/592/102
s 509
f 290/657/23 294/658/23 297/659/23
s 510
f 297/659/23 287/660/23 290/657/23
s 511
f 298/661/6 295/662/6 299/663/6
s 512
f 298/664/2 293/653/250 295/654/102
s 513
f 297/665/251 294/666/252 292/667/252
s 514
f 291/668/253 293/669/254 298/670/255
s 515
f 299/663/6 300/671/6 298/661/6
s 516
f 300/672/256 299/673/256 301/674/256
s 517
f 299/675/257 295/676/257 302/677/257
s 518
f 302/677/257 301/678/257 299/675/257
s 519
f 301/674/256 303/679/256 300/672/256
s 520
f 303/680/258 301/681/258 302/682/259
s 521
f 298/670/255 300/683/260 303/684/260
s 522
f 295/676/257 296/685/257 302/677/257
s 523
f 287/686/17 297/687/17 304/688/17
s 524
f 289/689/38 305/690/38 306/691/38
s 525
f 304/688/17 288/692/17 287/686/17
s 526
f 286/638/234 306/693/234 307/694/234
s 527
f 306/691/38 286/695/38 289/689/38
s 528
f 307/694/234 285/634/234 286/638/234
s 529
f 302/696/18 296/697/18 278/698/18
s 530
f 302/682/259 280/605/2 284/624/242
s 531
f 284/624/242 308/699/261 302/682/259
s 532
f 289/700/243 288/701/243 304/702/243
s 533
f 304/702/243 305/703/243 289/700/243
s 534
f 278/698/18 280/704/18 302/696/18
s 535
f 292/646/234 291/645/234 307/694/234
s 536
f 302/682/259 308/699/261 303/680/258
s 537
f 307/694/234 306/693/234 292/646/234
s 538
f 307/705/262 298/670/255 303/684/260
s 539
f 292/667/252 306/706/263 297/665/251
s 540
f 305/707/264 304/708/264 297/665/251
s 541
f 297/665/251 306/706/263 305/707/264
s 542
f 303/684/260 308/709/260 307/705/262
s 543
f 307/705/262 291/668/253 298/670/255
s 544
f 309/710/195 310/711/195 215/432/195
s 545
f 310/712/105 309/713/107 311/714/108
s 546
f 312/715/190 311/714/108 309/713/107
s 547
f 309/713/107 313/716/191 312/715/190
s 548
f 285/717/36 284/718/36 30/79/36
s 549
f 310/711/103 202/409/75 215/432/211
s 550
f 30/79/36 31/78/36 285/717/36
s 551
f 311/714/108 314/719/106 310/712/105
s 552
f 202/425/104 310/712/105 314/719/106
s 553
f 314/719/106 212/426/104 202/425/104
s 554
f 221/446/63 315/720/110 316/721/68
s 555
f 221/446/63 312/722/111 315/720/110
s 556
f 221/446/63 311/723/112 312/722/111
s 557
f 221/446/63 314/724/113 311/723/112
s 558
f 221/446/63 212/450/114 314/724/113
s 559
f 216/437/120 317/725/121 318/726/122
s 560
f 185/429/116 214/727/116 213/427/116
s 561
f 317/728/118 216/441/119 218/440/119
s 562
f 318/726/122 208/438/124 216/437/120
s 563
f 218/440/119 319/729/123 317/728/118
s 564
f 214/431/125 208/417/125 318/730/125
s 565
f 320/731/199 321/732/127 322/733/128
s 566
f 214/431/192 318/730/192 323/734/192
s 567
f 317/725/121 321/735/126 323/736/126
s 568
f 321/732/127 317/728/118 319/729/123
s 569
f 321/735/126 320/737/198 324/738/198
s 570
f 323/736/126 318/726/122 317/725/121
s 571
f 319/729/123 322/733/128 321/732/127
s 572
f 324/738/198 323/736/126 321/735/126
s 573
f 319/739/102 218/463/102 225/459/102
s 574
f 325/740/206 320/731/199 326/741/199
s 575
f 326/741/199 327/742/204 325/740/206
s 576
f 322/743/102 319/739/102 225/459/102
s 577
f 326/744/102 322/743/102 225/459/102
s 578
f 327/745/102 326/744/102 225/459/102
s 579
f 328/746/102 327/745/102 225/459/102
s 580
f 322/733/128 326/741/199 320/731/199
s 581
f 174/747/265 329/748/265 330/749/265
s 582
f 330/749/265 95/750/265 174/747/265
s 583
f 220/751/265 331/752/265 332/753/265
s 584
f 332/753/265 97/754/265 220/751/265
s 585
f 95/194/109 330/755/185 165/333/185
s 586
f 333/756/57 334/757/61 335/758/59
s 587
f 335/758/59 336/759/56 333/756/57
s 588
f 174/760/109 173/761/109 337/762/109
s 589
f 94/763/266 171/764/266 337/765/266
s 590
f 337/765/266 173/766/266 94/763/266
s 591
f 337/762/109 329/767/109 174/760/109
s 592
f 338/768/109 331/769/109 220/770/109
s 593
f 315/771/203 312/715/190 313/716/191
s 594
f 313/716/191 339/772/202 315/771/203
s 595
f 340/773/54 333/756/57 336/759/56
s 596
f 336/759/56 341/774/55 340/773/54
s 597
f 220/770/109 219/775/109 338/768/109
s 598
f 316/776/209 315/771/203 339/772/202
s 599
f 338/777/266 219/778/266 96/779/266
s 600
f 96/779/266 222/780/266 338/777/266
s 601
f 339/772/202 342/781/210 316/776/209
s 602
f 343/782/53 340/773/54 341/774/55
s 603
f 341/774/55 344/783/60 343/782/53
s 604
f 214/431/194 324/784/194 345/785/194
s 605
f 346/786/70 340/787/70 343/788/70
s 606
f 214/431/192 323/734/192 324/784/193
s 607
f 214/431/201 345/785/201 347/789/201
s 608
f 313/790/196 309/710/195 215/432/195
s 609
f 342/791/200 339/792/200 215/432/200
s 610
f 339/792/197 313/790/197 215/432/197
s 611
f 346/786/74 348/793/74 334/794/74
s 612
f 349/795/98 350/796/98 351/797/98
s 613
f 350/796/69 352/798/69 351/797/69
s 614
f 97/197/109 332/799/185 167/430/185
s 615
f 346/786/71 333/800/71 340/787/71
s 616
f 352/798/69 353/801/73 351/797/69
s 617
f 346/786/74 334/794/74 333/800/72
s 618
f 353/801/81 354/802/81 351/797/81
s 619
f 353/803/82 352/804/83 355/805/83
s 620
f 355/805/83 356/806/82 353/803/82
s 621
f 356/807/88 355/808/91 357/809/86
s 622
f 358/810/100 351/811/100 359/812/100
s 623
f 320/737/198 325/813/207 345/814/207
s 624
f 345/814/207 324/738/198 320/737/198
s 625
f 347/815/208 345/814/207 325/813/207
s 626
f 327/742/204 328/816/205 360/817/205
s 627
f 360/817/205 325/740/206 327/742/204
s 628
f 325/813/207 360/818/208 347/815/208
s 629
f 361/819/93 355/805/83 352/804/83
s 630
f 350/820/94 349/821/101 362/822/92
s 631
f 362/822/92 361/819/93 350/820/94
s 632
f 352/804/83 350/820/94 361/819/93
s 633
f 355/808/91 361/823/95 363/824/99
s 634
f 363/824/99 357/809/86 355/808/91
s 635
f 364/825/97 363/824/99 361/823/95
s 636
f 361/823/95 362/826/96 364/825/97
s 637
f 221/446/63 365/827/68 366/828/68
s 638
f 221/446/63 367/829/68 365/827/68
s 639
f 221/446/63 316/721/68 367/829/68
s 640
f 221/446/63 368/830/68 237/496/68
s 641
f 221/446/63 366/828/68 368/830/68
s 642
f 369/831/218 370/832/167 371/833/167
s 643
f 371/833/167 372/834/219 369/831/218
s 644
f 373/835/102 374/836/102 225/459/102
s 645
f 374/836/102 370/837/102 225/459/102
s 646
f 255/545/102 373/835/102 225/459/102
s 647
f 369/838/102 328/746/102 225/459/102
s 648
f 370/832/167 374/839/168 375/840/169
s 649
f 375/840/169 371/833/167 370/832/167
s 650
f 328/816/205 369/831/218 372/834/219
s 651
f 370/837/102 369/838/102 225/459/102
s 652
f 376/841/179 267/573/17 257/572/17
s 653
f 266/569/232 377/842/232 264/567/232
s 654
f 257/572/17 378/843/179 376/841/179
s 655
f 374/839/168 373/844/176 376/845/180
s 656
f 267/574/178 376/845/180 373/844/176
s 657
f 379/846/173 238/491/170 237/490/170
s 658
f 373/844/176 255/575/177 267/574/178
s 659
f 237/490/170 368/847/173 379/846/173
s 660
f 366/848/182 365/849/214 380/850/214
s 661
f 379/851/267 381/852/267 260/559/174
s 662
f 238/548/174 379/851/267 260/559/174
s 663
f 368/847/173 366/848/182 381/853/182
s 664
f 380/850/214 381/853/182 366/848/182
s 665
f 381/853/182 379/846/173 368/847/173
s 666
f 262/571/227 382/854/227 383/855/227
s 667
f 262/571/227 383/855/227 378/856/225
s 668
f 262/571/184 378/856/184 257/549/184
s 669
f 376/845/180 375/840/169 374/839/168
s 670
f 375/857/181 376/841/179 378/843/179
s 671
f 378/843/179 383/858/181 375/857/181
s 672
f 371/859/221 375/857/181 383/858/181
s 673
f 383/858/181 382/860/221 371/859/221
s 674
f 342/791/223 215/432/223 260/559/223
s 675
f 344/783/60 384/861/129 385/862/132
s 676
f 385/862/132 343/782/53 344/783/60
s 677
f 346/786/133 343/788/133 386/863/133
s 678
f 367/864/213 316/776/209 342/781/210
s 679
f 342/781/210 387/865/212 367/864/213
s 680
f 261/866/222 213/867/222 214/868/222
s 681
f 215/869/209 213/870/209 261/871/209
s 682
f 261/871/209 260/872/209 215/869/209
s 683
f 214/868/222 262/873/222 261/866/222
s 684
f 359/812/100 388/874/100 358/810/100
s 685
f 262/571/227 214/431/194 347/789/217
s 686
f 359/875/143 346/876/143 386/877/143
s 687
f 386/877/143 388/878/143 359/875/143
s 688
f 358/879/146 349/795/146 351/797/69
s 689
f 387/865/212 380/850/214 365/849/214
s 690
f 365/849/214 367/864/213 387/865/212
s 691
f 389/880/131 385/862/132 384/861/129
s 692
f 384/861/129 390/881/130 389/880/131
s 693
f 372/834/219 360/817/205 328/816/205
s 694
f 391/882/220 347/815/208 360/818/208
s 695
f 382/860/221 391/882/220 372/883/220
s 696
f 372/883/220 371/859/221 382/860/221
s 697
f 360/818/208 372/883/220 391/882/220
s 698
f 392/884/147 393/885/150 394/886/151
s 699
f 392/887/145 362/822/92 349/821/101
s 700
f 394/886/151 395/888/144 392/884/147
s 701
f 395/888/144 364/825/97 362/826/96
s 702
f 349/821/101 396/889/145 392/887/145
s 703
f 393/890/148 392/887/145 396/889/145
s 704
f 396/889/145 397/891/148 393/890/148
s 705
f 362/826/96 392/884/147 395/888/144
s 706
f 381/852/267 380/892/226 260/559/174
s 707
f 380/892/224 387/893/224 260/559/224
s 708
f 387/893/230 342/791/230 260/559/230
s 709
f 343/788/140 385/894/140 386/863/140
s 710
f 262/571/227 391/895/228 382/854/227
s 711
f 262/571/229 347/789/229 391/895/229
s 712
f 358/879/149 396/896/149 349/795/149
s 713
f 358/879/155 397/897/155 396/896/155
s 714
f 358/879/155 398/898/156 397/897/155
s 715
f 399/899/135 389/880/131 390/881/130
s 716
f 390/881/130 400/900/137 399/899/135
s 717
f 358/879/160 401/901/160 398/898/160
s 718
f 399/902/139 402/903/139 386/863/139
s 719
f 385/894/134 389/904/134 386/863/134
s 720
f 389/904/136 399/902/136 386/863/136
s 721
f 393/885/150 403/905/162 404/906/152
s 722
f 404/906/152 394/886/151 393/885/150
s 723
f 403/907/154 393/908/148 397/909/148
s 724
f 397/909/148 398/910/153 403/907/154
s 725
f 405/911/75 346/786/77 406/912/211
s 726
f 405/913/104 407/914/105 408/915/106
s 727
f 408/915/106 409/916/104 405/913/104
s 728
f 348/917/62 405/913/104 409/916/104
s 729
f 409/916/104 410/918/62 348/917/62
s 730
f 334/757/61 348/917/62 410/918/62
s 731
f 410/918/62 335/758/59 334/757/61
s 732
f 307/919/36 308/920/36 284/718/36
s 733
f 405/911/75 348/793/76 346/786/77
s 734
f 284/718/36 285/717/36 307/919/36
s 735
f 411/921/63 410/922/67 409/923/114
s 736
f 411/921/63 344/924/68 341/925/64
s 737
f 411/921/63 335/926/66 410/922/67
s 738
f 411/921/63 409/923/114 408/927/113
s 739
f 411/921/63 336/928/65 335/926/66
s 740
f 411/921/63 341/925/64 336/928/65
s 741
f 354/929/85 353/803/82 356/806/82
s 742
f 354/802/78 412/930/79 351/797/80
s 743
f 413/931/89 356/807/88 414/932/87
s 744
f 356/806/82 413/933/84 354/929/85
s 745
f 414/932/87 415/934/90 413/931/89
s 746
f 416/935/116 359/936/116 351/937/116
s 747
f 346/938/117 359/939/117 416/940/117
s 748
f 416/940/117 406/941/117 346/938/117
s 749
f 351/937/116 417/942/116 416/935/116
s 750
f 412/930/79 417/943/115 351/797/80
s 751
f 418/944/119 413/931/89 415/934/90
s 752
f 415/934/90 419/945/119 418/944/119
s 753
f 420/946/122 412/947/124 418/948/120
s 754
f 413/933/84 418/948/120 412/947/124
s 755
f 412/947/124 354/929/85 413/933/84
s 756
f 418/948/120 421/949/121 420/946/122
s 757
f 421/950/118 418/944/119 419/945/119
s 758
f 419/945/119 422/951/123 421/950/118
s 759
f 357/952/102 363/953/102 423/954/102
s 760
f 414/955/102 357/952/102 423/954/102
s 761
f 415/956/102 414/955/102 423/954/102
s 762
f 419/957/102 415/956/102 423/954/102
s 763
f 422/958/102 419/957/102 423/954/102
s 764
f 424/959/102 422/958/102 423/954/102
s 765
f 363/953/102 364/960/102 423/954/102
s 766
f 357/809/86 414/932/87 356/807/88
s 767
f 411/921/63 425/961/112 426/962/111
s 768
f 411/921/63 426/962/111 427/963/110
s 769
f 425/964/108 408/915/106 407/914/105
s 770
f 407/914/105 428/965/107 425/964/108
s 771
f 411/921/63 408/927/113 425/961/112
s 772
f 411/921/63 427/963/110 429/966/68
s 773
f 172/350/188 165/333/185 330/755/185
s 774
f 172/967/268 170/968/268 166/969/268
s 775
f 171/970/269 330/971/269 329/972/269
s 776
f 166/969/268 165/973/268 172/967/268
s 777
f 330/755/270 171/349/270 172/350/270
s 778
f 329/972/269 337/974/269 171/970/269
s 779
f 430/975/202 431/976/210 429/977/209
s 780
f 168/978/268 167/979/268 223/980/268
s 781
f 223/980/268 169/981/268 168/978/268
s 782
f 426/982/190 425/964/108 428/965/107
s 783
f 428/965/107 432/983/191 426/982/190
s 784
f 222/984/269 332/985/269 331/986/269
s 785
f 331/986/269 338/987/269 222/984/269
s 786
f 429/977/209 427/988/203 430/975/202
s 787
f 432/983/191 430/975/202 427/988/203
s 788
f 427/988/203 426/982/190 432/983/191
s 789
f 417/943/194 433/989/194 434/990/194
s 790
f 417/943/193 435/991/193 433/989/193
s 791
f 417/943/193 420/992/192 435/991/193
s 792
f 432/993/196 428/994/196 406/912/196
s 793
f 417/943/125 412/930/125 420/992/125
s 794
f 428/994/196 407/995/195 406/912/196
s 795
f 407/995/103 405/911/75 406/912/211
s 796
f 430/996/197 432/993/197 406/912/197
s 797
f 436/997/199 437/998/127 424/999/128
s 798
f 437/1000/126 436/1001/198 433/1002/198
s 799
f 437/998/127 421/950/118 422/951/123
s 800
f 435/1003/126 420/946/122 421/949/121
s 801
f 421/949/121 437/1000/126 435/1003/126
s 802
f 422/951/123 424/999/128 437/998/127
s 803
f 433/1002/198 435/1003/126 437/1000/126
s 804
f 438/1004/102 424/959/102 423/954/102
s 805
f 424/999/128 438/1005/199 436/997/199
s 806
f 439/1006/102 438/1004/102 423/954/102
s 807
f 440/1007/102 439/1006/102 423/954/102
s 808
f 417/943/201 434/990/201 441/1008/201
s 809
f 223/454/188 167/430/185 332/799/185
s 810
f 332/799/270 222/453/270 223/454/270
s 811
f 431/1009/200 430/996/200 406/912/200
s 812
f 438/1005/199 439/1010/204 442/1011/206
s 813
f 442/1011/206 436/997/199 438/1005/199
s 814
f 439/1010/204 440/1012/205 443/1013/205
s 815
f 443/1013/205 442/1011/206 439/1010/204
s 816
f 436/1001/198 442/1014/207 434/1015/207
s 817
f 441/1016/208 434/1015/207 442/1014/207
s 818
f 442/1014/207 443/1017/208 441/1016/208
s 819
f 434/1015/207 433/1002/198 436/1001/198
s 820
f 411/921/63 444/1018/68 445/1019/68
s 821
f 411/921/63 445/1019/68 446/1020/68
s 822
f 411/921/63 446/1020/68 400/1021/68
s 823
f 411/921/63 400/1021/68 390/1022/68
s 824
f 411/921/63 384/1023/68 344/924/68
s 825
f 411/921/63 390/1022/68 384/1023/68
s 826
f 394/1024/102 404/1025/102 423/954/102
s 827
f 447/1026/102 448/1027/102 423/954/102
s 828
f 395/1028/102 394/1024/102 423/954/102
s 829
f 404/1025/102 447/1026/102 423/954/102
s 830
f 448/1027/102 449/1029/102 423/954/102
s 831
f 449/1029/102 450/1030/102 423/954/102
s 832
f 364/960/102 395/1028/102 423/954/102
s 833
f 358/879/161 451/1031/161 401/901/161
s 834
f 400/1032/137 446/1033/138 402/1034/138
s 835
f 452/1035/165 403/907/154 398/910/153
s 836
f 402/1034/138 399/1036/135 400/1032/137
s 837
f 402/903/141 453/1037/141 386/863/136
s 838
f 398/910/153 401/1038/166 452/1035/165
s 839
f 403/905/162 452/1039/163 447/1040/164
s 840
f 447/1040/164 404/906/152 403/905/162
s 841
f 358/879/161 454/1041/172 451/1031/161
s 842
f 445/1042/170 444/1043/173 455/1044/173
s 843
f 455/1044/173 453/1045/170 445/1042/170
s 844
f 453/1045/170 402/1034/138 446/1033/138
s 845
f 453/1037/174 456/1046/174 386/863/139
s 846
f 388/1047/171 457/1048/171 454/1049/171
s 847
f 454/1049/171 358/1050/171 388/1047/171
s 848
f 446/1033/138 445/1042/170 453/1045/170
s 849
f 458/1051/179 459/1052/17 451/1053/17
s 850
f 459/1054/178 458/1055/180 449/1056/176
s 851
f 451/1053/17 460/1057/179 458/1051/179
s 852
f 448/1058/177 447/1040/164 452/1039/163
s 853
f 452/1039/163 459/1054/178 448/1058/177
s 854
f 401/1038/166 451/1053/17 459/1052/17
s 855
f 449/1056/176 448/1058/177 459/1054/178
s 856
f 459/1052/17 452/1035/165 401/1038/166
s 857
f 411/921/63 461/1059/68 444/1018/68
s 858
f 411/921/63 462/1060/68 461/1059/68
s 859
f 411/921/63 463/1061/68 462/1060/68
s 860
f 411/921/63 429/966/68 463/1061/68
s 861
f 457/1062/209 456/1063/209 406/1064/209
s 862
f 463/1065/213 429/977/209 431/976/210
s 863
f 431/976/210 464/1066/212 463/1065/213
s 864
f 454/1041/217 417/943/194 441/1008/217
s 865
f 406/1064/209 416/1067/209 457/1062/209
s 866
f 431/1009/223 406/912/223 456/1046/223
s 867
f 417/1068/222 454/1069/222 457/1070/222
s 868
f 457/1070/222 416/1071/222 417/1068/222
s 869
f 464/1066/212 465/1072/214 462/1073/214
s 870
f 462/1073/214 463/1065/213 464/1066/212
s 871
f 454/1041/229 441/1008/229 466/1074/229
s 872
f 467/1075/102 440/1007/102 423/954/102
s 873
f 450/1030/102 468/1076/102 423/954/102
s 874
f 468/1076/102 467/1075/102 423/954/102
s 875
f 440/1012/205 467/1077/218 469/1078/219
s 876
f 470/1079/221 466/1080/220 469/1081/220
s 877
f 469/1081/220 471/1082/221 470/1079/221
s 878
f 471/1083/167 469/1078/219 467/1077/218
s 879
f 467/1077/218 468/1084/167 471/1083/167
s 880
f 443/1017/208 469/1081/220 466/1080/220
s 881
f 469/1078/219 443/1013/205 440/1012/205
s 882
f 466/1080/220 441/1016/208 443/1017/208
s 883
f 444/1043/173 461/1085/182 472/1086/182
s 884
f 472/1086/182 455/1044/173 444/1043/173
s 885
f 453/1037/174 455/1087/183 456/1046/174
s 886
f 454/1041/217 473/1088/225 460/1089/225
s 887
f 454/1041/184 460/1089/184 451/1031/184
s 888
f 474/1090/169 471/1083/167 468/1084/167
s 889
f 473/1091/181 470/1079/221 471/1082/221
s 890
f 458/1055/180 474/1090/169 450/1092/168
s 891
f 450/1092/168 449/1056/176 458/1055/180
s 892
f 474/1093/181 458/1051/179 460/1057/179
s 893
f 468/1084/167 450/1092/168 474/1090/169
s 894
f 471/1082/221 474/1093/181 473/1091/181
s 895
f 460/1057/179 473/1091/181 474/1093/181
s 896
f 454/1041/217 466/1074/228 470/1094/228
s 897
f 454/1041/217 470/1094/228 473/1088/225
s 898
f 455/1087/183 472/1095/267 456/1046/174
s 899
f 472/1095/267 465/1096/226 456/1046/174
s 900
f 465/1096/224 464/1097/224 456/1046/224
s 901
f 461/1085/182 462/1073/214 465/1072/214
s 902
f 464/1097/230 431/1009/230 456/1046/230
s 903
f 465/1072/214 472/1086/182 461/1085/182
s 904
f 138/1098/271 137/1099/271 475/1100/271
s 905
f 475/1100/271 476/1101/271 138/1098/271
s 906
f 139/1102/272 138/1103/272 476/1104/272
s 907
f 476/1104/272 477/1105/272 139/1102/272
s 908
f 126/257/142 478/1106/142 124/255/142
s 909
f 139/285/159 479/1107/175 159/318/175
s 910
f 158/1108/17 155/1109/17 127/1110/17
s 911
f 127/1110/17 120/1111/17 158/1108/17
s 912
f 480/1112/273 481/1113/274 139/1114/275
s 913
f 479/1115/276 139/1114/275 481/1113/274
s 914
f 480/1112/273 477/1116/277 482/1117/278
s 915
f 483/1118/279 484/1119/279 481/1120/279
s 916
f 139/1114/275 477/1116/277 480/1112/273
s 917
f 481/1120/279 480/1121/279 483/1118/279
s 918
f 137/1122/280 159/1123/280 485/1124/280
s 919
f 485/1124/280 475/1125/280 137/1122/280
s 920
f 486/1126/281 487/1127/38 488/1128/38
s 921
f 489/1129/58 490/1130/58 491/1131/58
s 922
f 491/1131/58 492/1132/58 489/1129/58
s 923
f 493/1133/282 487/1134/282 486/1135/282
s 924
f 486/1135/282 494/1136/282 493/1133/282
s 925
f 494/1137/283 486/1138/283 495/1139/284
s 926
f 495/1139/284 496/1140/285 494/1137/283
s 927
f 497/1141/286 488/1142/287 487/1143/288
s 928
f 498/1144/289 499/1145/290 500/1146/291
s 929
f 500/1146/291 501/1147/292 498/1144/289
s 930
f 500/1148/293 502/1149/250 487/1143/288
s 931
f 502/1149/250 497/1141/286 487/1143/288
s 932
f 502/1150/294 500/1146/291 499/1145/290
s 933
f 477/1151/295 476/1152/296 475/1153/297
s 934
f 499/1145/290 503/1154/298 502/1150/294
s 935
f 501/1155/299 500/1148/293 487/1143/288
s 936
f 504/1156/300 501/1155/299 487/1143/288
s 937
f 499/1157/250 505/1158/250 503/1159/250
s 938
f 506/1160/301 504/1156/300 487/1143/288
s 939
f 507/1161/250 505/1158/250 498/1162/250
s 940
f 498/1162/250 505/1158/250 499/1157/250
s 941
f 508/1163/302 507/1164/303 504/1165/304
s 942
f 504/1165/304 506/1166/305 508/1163/302
s 943
f 507/1164/303 498/1144/289 501/1147/292
s 944
f 501/1147/292 504/1165/304 507/1164/303
s 945
f 508/1167/250 505/1158/250 507/1161/250
s 946
f 509/1168/306 510/1169/307 511/1170/308
s 947
f 511/1170/308 512/1171/309 509/1168/306
s 948
f 497/1172/310 502/1150/294 503/1154/298
s 949
f 510/1173/307 497/1172/310 513/1174/311
s 950
f 488/1142/287 509/1175/312 514/1176/313
s 951
f 497/1141/286 510/1177/314 488/1142/287
s 952
f 513/1174/311 511/1178/308 510/1173/307
s 953
f 510/1177/314 509/1175/312 488/1142/287
s 954
f 503/1154/298 513/1174/311 497/1172/310
s 955
f 513/1179/250 505/1158/250 511/1180/250
s 956
f 515/1181/250 505/1158/250 516/1182/250
s 957
f 516/1182/250 505/1158/250 517/1183/250
s 958
f 512/1184/250 505/1158/250 515/1181/250
s 959
f 511/1180/250 505/1158/250 512/1184/250
s 960
f 503/1159/250 505/1158/250 513/1179/250
s 961
f 518/1185/315 508/1163/302 506/1166/305
s 962
f 519/1186/250 505/1158/250 520/1187/250
s 963
f 506/1166/305 521/1188/316 518/1185/315
s 964
f 506/1160/301 487/1143/288 493/1189/317
s 965
f 520/1187/250 505/1158/250 518/1190/250
s 966
f 520/1191/318 518/1185/315 521/1188/316
s 967
f 521/1188/316 522/1192/319 520/1191/318
s 968
f 518/1190/250 505/1158/250 508/1167/250
s 969
f 523/1193/320 524/1194/321 525/1195/321
s 970
f 526/1196/322 493/1189/317 527/1197/323
s 971
f 525/1195/321 519/1198/324 523/1193/320
s 972
f 526/1196/322 524/1199/325 493/1189/317
s 973
f 521/1200/326 506/1160/301 493/1189/317
s 974
f 522/1201/327 521/1200/326 493/1189/317
s 975
f 519/1198/324 520/1191/318 522/1192/319
s 976
f 524/1199/325 523/1202/328 493/1189/317
s 977
f 523/1202/328 522/1201/327 493/1189/317
s 978
f 522/1192/319 523/1193/320 519/1198/324
s 979
f 528/1203/250 505/1158/250 525/1204/250
s 980
f 517/1183/250 505/1158/250 529/1205/250
s 981
f 530/1206/250 505/1158/250 531/1207/250
s 982
f 525/1204/250 505/1158/250 519/1186/250
s 983
f 532/1208/250 505/1158/250 530/1206/250
s 984
f 531/1207/250 505/1158/250 528/1203/250
s 985
f 529/1205/250 505/1158/250 532/1208/250
s 986
f 533/1209/329 534/1210/330 530/1211/331
s 987
f 531/1212/332 528/1213/333 526/1214/334
s 988
f 533/1215/335 526/1196/322 527/1197/323
s 989
f 530/1211/331 531/1212/332 533/1209/329
s 990
f 526/1214/334 533/1209/329 531/1212/332
s 991
f 534/1216/336 533/1215/335 527/1197/323
s 992
f 528/1213/333 525/1195/321 524/1194/321
s 993
f 524/1194/321 526/1214/334 528/1213/333
s 994
f 488/1128/38 535/1217/337 486/1126/281
s 995
f 536/1218/109 537/1219/109 489/1220/109
s 996
f 509/1168/306 538/1221/338 514/1222/339
s 997
f 512/1171/309 538/1221/338 509/1168/306
s 998
f 515/1223/340 516/1224/341 539/1225/342
s 999
f 539/1225/342 540/1226/343 515/1223/340
s 1000
f 477/1151/295 475/1153/297 485/1227/344
s 1001
f 485/1227/344 482/1228/344 477/1151/295
s 1002
f 515/1223/340 540/1226/343 538/1221/338
s 1003
f 538/1221/338 512/1171/309 515/1223/340
s 1004
f 541/1229/345 542/1230/345 496/1231/345
s 1005
f 496/1231/345 495/1232/345 541/1229/345
s 1006
f 489/1220/109 492/1233/109 536/1218/109
s 1007
f 543/1234/346 544/1235/347 517/1236/348
s 1008
f 544/1235/347 539/1225/342 516/1224/341
s 1009
f 516/1224/341 517/1236/348 544/1235/347
s 1010
f 545/1237/349 543/1234/346 529/1238/350
s 1011
f 546/1239/351 547/1240/352 534/1210/330
s 1012
f 529/1238/350 532/1241/353 545/1237/349
s 1013
f 532/1241/353 530/1211/331 547/1240/352
s 1014
f 547/1240/352 545/1237/349 532/1241/353
s 1015
f 547/1240/352 530/1211/331 534/1210/330
s 1016
f 517/1236/348 529/1238/350 543/1234/346
s 1017
f 478/1242/354 126/1243/354 236/1244/354
s 1018
f 236/1244/354 548/1245/354 478/1242/354
s 1019
f 479/1246/355 549/1247/355 550/1248/356
s 1020
f 481/1249/357 484/1250/357 550/1251/357
s 1021
f 550/1251/357 549/1252/357 481/1249/357
s 1022
f 550/1248/356 159/1253/358 479/1246/355
s 1023
f 481/1113/274 549/1254/276 479/1115/276
s 1024
f 159/1253/358 550/1248/356 551/1255/359
s 1025
f 265/1256/360 264/1257/360 552/1258/360
s 1026
f 552/1258/360 553/1259/360 265/1256/360
s 1027
f 551/1260/361 550/1261/361 484/1262/361
s 1028
f 484/1262/361 483/1263/361 551/1260/361
s 1029
f 554/1264/362 551/1265/362 483/1266/362
s 1030
f 483/1266/362 480/1267/362 554/1264/362
s 1031
f 551/1255/359 485/1268/363 159/1253/358
s 1032
f 482/1269/364 485/1268/363 551/1255/359
s 1033
f 551/1255/359 554/1270/364 482/1269/364
s 1034
f 482/1117/278 554/1271/278 480/1112/273
s 1035
f 553/1272/365 555/1273/365 266/1274/365
s 1036
f 266/1274/365 265/1275/365 553/1272/365
s 1037
f 556/1276/366 552/1277/367 264/1278/368
s 1038
f 264/1278/368 557/1279/369 556/1276/366
s 1039
f 556/1280/370 557/1281/370 558/1282/370
s 1040
f 558/1282/370 559/1283/370 556/1280/370
s 1041
f 560/1284/371 552/1277/367 556/1276/366
s 1042
f 245/1285/17 159/1286/17 260/1287/17
s 1043
f 260/1287/17 261/1288/17 245/1285/17
s 1044
f 561/1289/372 541/1290/372 495/1291/372
s 1045
f 495/1291/372 562/1292/372 561/1289/372
s 1046
f 563/1293/186 564/1294/186 490/1295/186
s 1047
f 490/1295/186 489/1296/186 563/1293/186
s 1048
f 478/1297/373 548/1298/373 263/1299/373
s 1049
f 263/1299/373 124/1300/373 478/1297/373
s 1050
f 486/1138/283 565/1301/374 562/1302/375
s 1051
f 562/1302/375 495/1139/284 486/1138/283
s 1052
f 563/1303/185 489/1220/109 537/1219/109
s 1053
f 566/1304/376 496/1305/376 542/1306/376
s 1054
f 492/1233/109 567/1307/188 568/1308/188
s 1055
f 569/1309/374 494/1137/283 496/1140/285
s 1056
f 568/1308/188 536/1218/109 492/1233/109
s 1057
f 570/1310/189 571/1311/189 537/1312/189
s 1058
f 537/1312/189 536/1313/189 570/1310/189
s 1059
f 572/1314/187 491/1315/187 490/1316/187
s 1060
f 490/1316/187 564/1317/187 572/1314/187
s 1061
f 573/1318/377 539/1319/378 544/1320/379
s 1062
f 573/1318/377 540/1321/380 539/1319/378
s 1063
f 573/1318/377 544/1320/379 574/1322/381
s 1064
f 514/1323/38 538/1324/38 573/1325/38
s 1065
f 514/1176/313 575/1326/382 535/1327/383
s 1066
f 514/1176/313 535/1327/383 488/1142/287
s 1067
f 573/1325/38 575/1328/38 514/1323/38
s 1068
f 573/1318/377 538/1329/384 540/1321/380
s 1069
f 545/1330/385 547/1331/386 574/1322/381
s 1070
f 574/1332/17 547/1333/17 546/1334/17
s 1071
f 534/1216/336 527/1197/323 576/1335/387
s 1072
f 546/1334/17 577/1336/17 574/1332/17
s 1073
f 546/1337/388 534/1216/336 576/1335/387
s 1074
f 576/1335/387 577/1338/389 546/1337/388
s 1075
f 543/1339/390 545/1330/385 574/1322/381
s 1076
f 544/1320/379 543/1339/390 574/1322/381
s 1077
f 553/1340/391 552/1341/391 560/1342/391
s 1078
f 560/1342/391 555/1343/391 553/1340/391
s 1079
f 541/1344/13 561/1345/13 578/1346/13
s 1080
f 579/1347/392 565/1348/392 486/1126/281
s 1081
f 486/1126/281 535/1217/337 579/1347/392
s 1082
f 578/1346/13 542/1349/13 541/1344/13
s 1083
f 580/1350/393 581/1351/394 582/1352/68
s 1084
f 582/1352/68 583/1353/68 580/1350/393
s 1085
f 493/1354/395 494/1355/396 527/1356/397
s 1086
f 584/1357/398 585/1358/399 580/1359/400
s 1087
f 586/1360/400 584/1357/398 580/1359/400
s 1088
f 587/1361/401 588/1362/401 589/1363/402
s 1089
f 589/1363/402 590/1364/403 587/1361/401
s 1090
f 580/1359/400 583/1365/400 586/1360/400
s 1091
f 591/1366/404 589/1367/405 585/1368/406
s 1092
f 588/1369/407 592/1370/407 593/1371/407
s 1093
f 593/1371/407 589/1372/407 588/1369/407
s 1094
f 585/1368/406 589/1367/405 593/1373/408
s 1095
f 593/1373/408 594/1374/409 585/1368/406
s 1096
f 494/1355/396 576/1375/410 527/1356/397
s 1097
f 581/1351/394 580/1350/393 595/1376/411
s 1098
f 595/1376/411 596/1377/412 581/1351/394
s 1099
f 594/1378/18 595/1379/18 580/1380/18
s 1100
f 580/1380/18 585/1381/18 594/1378/18
s 1101
f 587/1382/413 597/1383/413 592/1384/413
s 1102
f 596/1385/414 598/1386/414 599/1387/414
s 1103
f 592/1384/413 588/1388/413 587/1382/413
s 1104
f 599/1387/414 581/1389/414 596/1385/414
s 1105
f 597/1390/38 587/1391/38 590/1392/38
s 1106
f 590/1392/38 600/1393/38 597/1390/38
s 1107
f 599/1394/415 601/1395/415 582/1396/415
s 1108
f 585/1368/406 602/1397/416 591/1366/404
s 1109
f 589/1363/402 591/1398/417 603/1399/417
s 1110
f 582/1396/415 581/1400/415 599/1394/415
s 1111
f 602/1401/418 585/1358/399 584/1357/398
s 1112
f 603/1399/417 590/1364/403 589/1363/402
s 1113
f 601/1402/419 584/1403/419 586/1404/419
s 1114
f 604/1405/420 602/1401/418 584/1357/398
s 1115
f 601/1395/415 605/1406/415 582/1396/415
s 1116
f 583/1407/421 582/1408/421 605/1409/421
s 1117
f 604/1410/422 584/1411/68 601/1412/423
s 1118
f 605/1409/421 586/1413/421 583/1407/421
s 1119
f 586/1404/419 605/1414/419 601/1402/419
s 1120
f 590/1415/102 603/1416/102 606/1417/102
s 1121
f 606/1417/102 600/1418/102 590/1415/102
s 1122
f 599/1419/68 598/1420/68 607/1421/424
s 1123
f 607/1421/424 601/1412/423 599/1419/68
s 1124
f 591/1422/38 608/1423/38 606/1424/38
s 1125
f 604/1410/422 601/1412/423 607/1421/424
s 1126
f 607/1421/424 609/1425/425 604/1410/422
s 1127
f 609/1426/36 610/1427/36 602/1428/36
s 1128
f 602/1397/416 610/1429/426 608/1430/427
s 1129
f 608/1430/427 591/1366/404 602/1397/416
s 1130
f 606/1424/38 603/1431/38 591/1422/38
s 1131
f 602/1428/36 604/1432/36 609/1426/36
s 1132
f 611/1433/412 596/1377/412 595/1376/411
s 1133
f 612/1434/428 613/1435/428 614/1436/429
s 1134
f 600/1437/430 593/1438/431 592/1439/432
s 1135
f 594/1374/409 593/1373/408 614/1440/433
s 1136
f 592/1439/432 597/1441/432 600/1437/430
s 1137
f 614/1436/429 615/1442/434 612/1434/428
s 1138
f 576/1375/410 494/1355/396 569/1443/435
s 1139
f 492/1444/215 491/1445/215 572/1446/215
s 1140
f 572/1446/215 567/1447/215 492/1444/215
s 1141
f 594/1374/409 614/1440/433 616/1448/102
s 1142
f 617/1449/412 611/1433/412 595/1376/411
s 1143
f 618/1450/436 619/1451/436 620/1452/436
s 1144
f 620/1452/436 611/1453/436 621/1454/436
s 1145
f 620/1455/68 622/1456/68 596/1377/412
s 1146
f 621/1454/436 618/1450/436 620/1452/436
s 1147
f 619/1457/437 623/1458/437 622/1459/437
s 1148
f 596/1377/412 611/1433/412 620/1455/68
s 1149
f 622/1459/437 620/1460/437 619/1457/437
s 1150
f 623/1461/438 607/1462/438 596/1463/438
s 1151
f 596/1463/438 622/1464/438 623/1461/438
s 1152
f 607/1462/438 598/1465/438 596/1463/438
s 1153
f 618/1466/17 607/1467/17 623/1468/17
s 1154
f 608/1469/439 593/1438/431 600/1437/430
s 1155
f 593/1373/408 608/1430/427 624/1470/440
s 1156
f 624/1470/440 614/1440/433 593/1373/408
s 1157
f 623/1468/17 619/1471/17 618/1466/17
s 1158
f 608/1430/427 610/1429/426 624/1470/440
s 1159
f 625/1472/441 615/1442/434 614/1436/429
s 1160
f 614/1436/429 624/1473/441 625/1472/441
s 1161
f 600/1437/430 606/1474/439 608/1469/439
s 1162
f 609/1425/425 607/1421/424 618/1475/442
s 1163
f 609/1425/425 618/1475/442 626/1476/443
s 1164
f 556/1276/366 627/1477/371 560/1284/371
s 1165
f 557/1279/369 264/1278/368 377/1478/444
s 1166
f 559/1479/445 558/1480/445 628/1481/445
s 1167
f 628/1481/445 629/1482/445 559/1479/445
s 1168
f 377/1478/444 630/1483/444 557/1279/369
s 1169
f 629/1484/446 627/1485/446 556/1486/446
s 1170
f 556/1486/446 559/1487/446 629/1484/446
s 1171
f 630/1488/447 628/1489/447 558/1490/447
s 1172
f 558/1490/447 557/1491/447 630/1488/447
s 1173
f 631/1492/448 632/1493/448 633/1494/448
s 1174
f 266/1495/449 555/1496/450 629/1497/451
s 1175
f 629/1497/451 628/1498/452 266/1495/449
s 1176
f 633/1494/448 634/1499/448 631/1492/448
s 1177
f 635/1500/453 631/1501/453 634/1502/453
s 1178
f 377/1503/454 266/1495/449 628/1498/452
s 1179
f 628/1498/452 630/1504/454 377/1503/454
s 1180
f 636/1505/455 633/1506/455 632/1507/456
s 1181
f 634/1508/457 633/1509/458 636/1510/458
s 1182
f 636/1510/458 637/1511/459 634/1508/457
s 1183
f 629/1497/451 555/1496/450 560/1512/460
s 1184
f 634/1508/457 637/1511/459 638/1513/461
s 1185
f 638/1513/461 639/1514/462 634/1508/457
s 1186
f 639/1514/462 638/1513/461 640/1515/463
s 1187
f 640/1515/463 641/1516/463 639/1514/462
s 1188
f 560/1512/460 627/1517/460 629/1497/451
s 1189
f 642/1518/464 641/1519/465 640/1520/465
s 1190
f 639/1521/466 641/1522/466 642/1523/466
s 1191
f 634/1502/453 639/1524/453 635/1500/453
s 1192
f 642/1523/466 635/1525/466 639/1521/466
s 1193
f 542/1306/376 578/1526/376 566/1304/376
s 1194
f 577/1527/467 575/1528/467 643/1529/467
s 1195
f 643/1529/467 644/1530/467 577/1527/467
s 1196
f 496/1140/285 566/1531/468 569/1309/374
s 1197
f 573/1532/377 574/1533/381 644/1534/469
s 1198
f 644/1535/17 574/1332/17 577/1336/17
s 1199
f 644/1534/469 643/1536/469 573/1532/377
s 1200
f 535/1327/383 575/1326/382 645/1537/470
s 1201
f 573/1325/38 643/1538/38 575/1328/38
s 1202
f 646/1539/265 537/1540/265 571/1541/265
s 1203
f 571/1541/265 647/1542/265 646/1539/265
s 1204
f 579/1543/471 535/1327/383 645/1537/470
s 1205
f 537/1219/109 646/1544/185 563/1303/185
s 1206
f 648/1545/109 647/1546/109 571/1547/109
s 1207
f 648/1548/266 570/1549/266 536/1550/266
s 1208
f 536/1550/266 568/1551/266 648/1548/266
s 1209
f 571/1547/109 570/1552/109 648/1545/109
s 1210
f 575/1326/382 577/1338/389 649/1553/464
s 1211
f 577/1338/389 576/1335/387 650/1554/472
s 1212
f 649/1553/464 645/1537/470 575/1326/382
s 1213
f 651/1555/473 652/1556/474 653/1557/474
s 1214
f 653/1557/474 654/1558/474 651/1555/473
s 1215
f 645/1559/475 649/1560/475 654/1561/475
s 1216
f 654/1561/475 653/1562/475 645/1559/475
s 1217
f 655/1563/476 656/1564/477 637/1565/478
s 1218
f 456/1566/17 457/1567/17 388/1568/17
s 1219
f 388/1568/17 386/1569/17 456/1566/17
s 1220
f 637/1565/478 636/1570/478 655/1563/476
s 1221
f 632/1507/456 655/1571/479 636/1505/455
s 1222
f 631/1572/480 635/1573/480 642/1574/480
s 1223
f 657/1575/481 638/1576/481 637/1577/481
s 1224
f 637/1577/481 656/1578/481 657/1575/481
s 1225
f 640/1520/465 658/1579/482 642/1518/464
s 1226
f 642/1574/480 632/1580/480 631/1572/480
s 1227
f 632/1507/456 642/1518/464 658/1579/482
s 1228
f 658/1579/482 655/1571/479 632/1507/456
s 1229
f 659/1581/483 657/1582/483 656/1583/483
s 1230
f 658/1584/484 659/1585/484 660/1586/484
s 1231
f 656/1583/483 660/1587/483 659/1581/483
s 1232
f 655/1563/476 660/1588/485 656/1564/477
s 1233
f 660/1586/484 655/1589/484 658/1584/484
s 1234
f 235/1590/189 263/1591/189 548/1592/189
s 1235
f 548/1592/189 236/1593/189 235/1590/189
s 1236
f 661/1594/486 653/1595/487 652/1596/486
s 1237
f 652/1596/486 662/1597/486 661/1594/486
s 1238
f 645/1598/38 653/1595/487 661/1594/486
s 1239
f 638/1599/488 657/1600/489 658/1601/490
s 1240
f 658/1601/490 640/1602/488 638/1599/488
s 1241
f 645/1537/470 661/1603/491 579/1543/471
s 1242
f 650/1554/472 649/1553/464 577/1338/389
s 1243
f 663/1604/492 662/1605/492 652/1606/492
s 1244
f 652/1606/492 651/1607/492 663/1604/492
s 1245
f 664/1608/17 663/1609/17 651/1610/17
s 1246
f 650/1554/472 664/1611/493 649/1553/464
s 1247
f 651/1610/17 654/1612/17 664/1608/17
s 1248
f 664/1608/17 654/1612/17 649/1613/17
s 1249
f 562/1614/494 566/1615/494 578/1616/494
s 1250
f 578/1616/494 561/1617/494 562/1614/494
s 1251
f 568/1618/269 646/1619/269 647/1620/269
s 1252
f 567/1621/268 572/1622/268 564/1623/268
s 1253
f 569/1624/495 565/1625/495 579/1626/495
s 1254
f 647/1620/269 648/1627/269 568/1618/269
s 1255
f 564/1623/268 563/1628/268 567/1621/268
s 1256
f 646/1544/270 568/1308/270 567/1307/270
s 1257
f 567/1307/188 563/1303/185 646/1544/185
s 1258
f 566/1531/468 562/1302/375 565/1301/374
s 1259
f 565/1301/374 569/1309/374 566/1531/468
s 1260
f 650/1554/472 579/1543/471 661/1603/491
s 1261
f 657/1600/489 659/1629/496 658/1601/490
s 1262
f 661/1603/491 664/1611/493 650/1554/472
s 1263
f 662/1630/497 663/1631/497 664/1632/497
s 1264
f 664/1632/497 661/1633/497 662/1630/497
s 1265
f 579/1626/495 650/1634/495 569/1624/495
s 1266
f 616/1448/102 665/1635/250 594/1374/409
s 1267
f 595/1376/411 666/1636/498 617/1449/412
s 1268
f 665/1637/18 666/1638/18 595/1379/18
s 1269
f 595/1379/18 594/1378/18 665/1637/18
s 1270
f 616/1639/17 614/1640/17 613/1641/17
s 1271
f 613/1641/17 667/1642/17 616/1639/17
s 1272
f 615/1643/38 668/1644/38 669/1645/38
s 1273
f 617/1646/499 670/1647/499 621/1648/499
s 1274
f 669/1645/38 612/1649/38 615/1643/38
s 1275
f 612/1650/500 669/1651/500 667/1652/500
s 1276
f 667/1652/500 613/1653/500 612/1650/500
s 1277
f 621/1648/499 611/1654/499 617/1646/499
s 1278
f 666/1636/498 671/1655/501 617/1449/412
s 1279
f 672/1656/428 673/1657/428 674/1658/502
s 1280
f 674/1658/502 675/1659/503 672/1656/428
s 1281
f 674/1660/250 665/1635/250 616/1448/102
s 1282
f 569/1443/435 650/1661/435 576/1375/410
s 1283
f 668/1662/504 616/1663/505 667/1664/506
s 1284
f 667/1664/506 669/1665/506 668/1662/504
s 1285
f 621/1666/507 670/1667/507 626/1476/443
s 1286
f 626/1476/443 618/1475/442 621/1666/507
s 1287
f 668/1668/508 615/1669/508 625/1670/508
s 1288
f 625/1670/508 676/1671/508 668/1668/508
s 1289
f 624/1470/440 610/1429/426 677/1672/250
s 1290
f 678/1673/36 677/1674/36 610/1427/36
s 1291
f 610/1427/36 609/1426/36 678/1673/36
s 1292
f 626/1476/443 678/1675/509 609/1425/425
s 1293
f 676/1676/38 625/1677/38 624/1678/38
s 1294
f 677/1672/250 679/1679/102 624/1470/440
s 1295
f 624/1678/38 679/1680/38 676/1676/38
s 1296
f 680/1681/510 681/1682/510 682/1683/510
s 1297
f 682/1683/510 683/1684/510 680/1681/510
s 1298
f 683/1685/68 682/1686/68 617/1449/412
s 1299
f 617/1449/412 671/1655/501 683/1685/68
s 1300
f 681/1687/511 626/1688/511 617/1689/511
s 1301
f 684/1690/512 680/1691/512 683/1692/512
s 1302
f 683/1692/512 671/1693/512 685/1694/512
s 1303
f 685/1694/512 684/1690/512 683/1692/512
s 1304
f 617/1689/511 682/1695/511 681/1687/511
s 1305
f 626/1688/511 670/1696/511 617/1689/511
s 1306
f 684/1697/419 626/1698/419 681/1699/419
s 1307
f 681/1699/419 680/1700/419 684/1697/419
s 1308
f 674/1658/502 686/1701/513 687/1702/513
s 1309
f 687/1702/513 675/1659/503 674/1658/502
s 1310
f 674/1660/250 616/1448/102 679/1679/102
s 1311
f 679/1703/514 616/1663/505 668/1662/504
s 1312
f 684/1704/23 678/1675/509 626/1476/443
s 1313
f 677/1672/250 686/1705/250 679/1679/102
s 1314
f 679/1679/102 686/1705/250 674/1660/250
s 1315
f 668/1662/504 676/1706/514 679/1703/514
s 1316
f 666/1636/498 688/1707/515 689/1708/516
s 1317
f 690/1709/18 688/1710/18 666/1638/18
s 1318
f 690/1711/250 665/1635/250 674/1660/250
s 1319
f 674/1660/250 691/1712/250 690/1711/250
s 1320
f 666/1638/18 665/1637/18 690/1709/18
s 1321
f 673/1713/17 692/1714/17 691/1715/17
s 1322
f 691/1715/17 674/1716/17 673/1713/17
s 1323
f 689/1708/516 671/1655/501 666/1636/498
s 1324
f 675/1717/38 693/1718/38 694/1719/38
s 1325
f 685/1720/36 671/1721/36 689/1722/36
s 1326
f 694/1719/38 672/1723/38 675/1717/38
s 1327
f 673/1724/500 672/1725/500 694/1726/500
s 1328
f 689/1722/36 695/1727/36 685/1720/36
s 1329
f 694/1726/500 692/1728/500 673/1724/500
s 1330
f 690/1711/250 691/1712/250 696/1729/250
s 1331
f 697/1730/517 688/1731/517 690/1732/518
s 1332
f 692/1733/519 694/1734/519 693/1735/520
s 1333
f 693/1735/520 691/1736/521 692/1733/519
s 1334
f 690/1732/518 698/1737/522 697/1730/517
s 1335
f 689/1708/516 688/1707/515 697/1738/523
s 1336
f 684/1704/23 685/1739/23 695/1740/23
s 1337
f 693/1741/102 675/1742/102 687/1743/102
s 1338
f 695/1740/23 699/1744/23 684/1704/23
s 1339
f 687/1743/102 700/1745/102 693/1741/102
s 1340
f 701/1746/250 696/1729/250 686/1705/250
s 1341
f 684/1704/23 699/1744/23 702/1747/234
s 1342
f 702/1748/36 701/1749/36 677/1674/36
s 1343
f 677/1674/36 678/1673/36 702/1748/36
s 1344
f 702/1747/234 678/1675/509 684/1704/23
s 1345
f 686/1705/250 677/1672/250 701/1746/250
s 1346
f 686/1750/38 696/1751/38 700/1752/38
s 1347
f 700/1752/38 687/1753/38 686/1750/38
s 1348
f 697/1738/523 703/1754/523 689/1708/516
s 1349
f 704/1755/524 705/1756/524 703/1757/524
s 1350
f 703/1757/524 697/1758/524 704/1755/524
s 1351
f 705/1759/525 699/1760/525 689/1761/525
s 1352
f 698/1737/522 704/1762/517 697/1730/517
s 1353
f 689/1761/525 703/1763/525 705/1759/525
s 1354
f 699/1760/525 695/1764/525 689/1761/525
s 1355
f 690/1732/518 701/1765/526 698/1737/522
s 1356
f 698/1766/68 702/1747/234 699/1744/23
s 1357
f 701/1765/526 702/1767/527 698/1737/522
s 1358
f 696/1768/528 691/1736/521 693/1735/520
s 1359
f 698/1769/419 699/1770/419 705/1771/419
s 1360
f 696/1729/250 701/1746/250 690/1711/250
s 1361
f 693/1735/520 700/1772/528 696/1768/528
s 1362
f 705/1771/419 704/1773/419 698/1769/419

